date,agency,complaint_type,.mean,lower_80,upper_80
2021-09-10,DCA,consumer complaint,76,NA,NA
2021-09-10,DEP,air quality,17,NA,NA
2021-09-10,DEP,lead,10,NA,NA
2021-09-10,DEP,noise,91,NA,NA
2021-09-10,DEP,other,17,NA,NA
2021-09-10,DEP,sewer,203,NA,NA
2021-09-10,DEP,water conservation,8,NA,NA
2021-09-10,DEP,water system,115,NA,NA
2021-09-10,DHS,homeless person assistance,150,NA,NA
2021-09-10,DHS,other,30,NA,NA
2021-09-10,DOB,building/use,61,NA,NA
2021-09-10,DOB,elevator,74,NA,NA
2021-09-10,DOB,emergency response team (ert),1,NA,NA
2021-09-10,DOB,general construction/plumbing,113,NA,NA
2021-09-10,DOB,other,20,NA,NA
2021-09-10,DOB,plumbing,10,NA,NA
2021-09-10,DOB,special projects inspection team (spit),5,NA,NA
2021-09-10,DOHMH,food establishment,24,NA,NA
2021-09-10,DOHMH,indoor air quality,19,NA,NA
2021-09-10,DOHMH,other,118,NA,NA
2021-09-10,DOHMH,rodent,122,NA,NA
2021-09-10,DOT,broken parking meter,48,NA,NA
2021-09-10,DOT,curb condition,18,NA,NA
2021-09-10,DOT,other,38,NA,NA
2021-09-10,DOT,sidewalk condition,71,NA,NA
2021-09-10,DOT,street condition,132,NA,NA
2021-09-10,DOT,street light condition,148,NA,NA
2021-09-10,DOT,street sign - damaged,16,NA,NA
2021-09-10,DOT,street sign - missing,7,NA,NA
2021-09-10,DOT,traffic signal condition,76,NA,NA
2021-09-10,DPR,damaged tree,162,NA,NA
2021-09-10,DPR,dead/dying tree,37,NA,NA
2021-09-10,DPR,maintenance or facility,52,NA,NA
2021-09-10,DPR,new tree request,45,NA,NA
2021-09-10,DPR,other,33,NA,NA
2021-09-10,DPR,overgrown tree/branches,81,NA,NA
2021-09-10,DPR,root/sewer/sidewalk condition,38,NA,NA
2021-09-10,DPR,violation of park rules,15,NA,NA
2021-09-10,DSNY,derelict vehicles,163,NA,NA
2021-09-10,DSNY,dirty conditions,164,NA,NA
2021-09-10,DSNY,graffiti,6,NA,NA
2021-09-10,DSNY,missed collection (all materials),351,NA,NA
2021-09-10,DSNY,other,179,NA,NA
2021-09-10,DSNY,other enforcement,3,NA,NA
2021-09-10,DSNY,sanitation condition,10,NA,NA
2021-09-10,HPD,appliance,36,NA,NA
2021-09-10,HPD,door/window,48,NA,NA
2021-09-10,HPD,electric,22,NA,NA
2021-09-10,HPD,flooring/stairs,35,NA,NA
2021-09-10,HPD,general,42,NA,NA
2021-09-10,HPD,heat/hot water,128,NA,NA
2021-09-10,HPD,other,11,NA,NA
2021-09-10,HPD,paint/plaster,60,NA,NA
2021-09-10,HPD,plumbing,81,NA,NA
2021-09-10,HPD,safety,6,NA,NA
2021-09-10,HPD,unsanitary condition,208,NA,NA
2021-09-10,HPD,water leak,98,NA,NA
2021-09-10,MAYORS OFFICE OF SPECIAL ENFORCEMENT,other,15,NA,NA
2021-09-10,NYPD,abandoned vehicle,162,NA,NA
2021-09-10,NYPD,animal-abuse,29,NA,NA
2021-09-10,NYPD,blocked driveway,494,NA,NA
2021-09-10,NYPD,illegal fireworks,17,NA,NA
2021-09-10,NYPD,illegal parking,1070,NA,NA
2021-09-10,NYPD,noise - commercial,230,NA,NA
2021-09-10,NYPD,noise - park,34,NA,NA
2021-09-10,NYPD,noise - residential,1474,NA,NA
2021-09-10,NYPD,noise - street/sidewalk,748,NA,NA
2021-09-10,NYPD,noise - vehicle,311,NA,NA
2021-09-10,NYPD,non-emergency police matter,52,NA,NA
2021-09-10,NYPD,other,171,NA,NA
2021-09-10,NYPD,traffic,25,NA,NA
2021-09-10,TLC,for hire vehicle complaint,17,NA,NA
2021-09-10,TLC,other,16,NA,NA
2021-09-10,TLC,taxi complaint,28,NA,NA
2021-09-11,DCA,consumer complaint,55,NA,NA
2021-09-11,DEP,air quality,16,NA,NA
2021-09-11,DEP,lead,3,NA,NA
2021-09-11,DEP,noise,140,NA,NA
2021-09-11,DEP,other,19,NA,NA
2021-09-11,DEP,sewer,120,NA,NA
2021-09-11,DEP,water conservation,5,NA,NA
2021-09-11,DEP,water system,101,NA,NA
2021-09-11,DHS,homeless person assistance,133,NA,NA
2021-09-11,DHS,other,19,NA,NA
2021-09-11,DOB,building/use,40,NA,NA
2021-09-11,DOB,elevator,33,NA,NA
2021-09-11,DOB,emergency response team (ert),15,NA,NA
2021-09-11,DOB,general construction/plumbing,79,NA,NA
2021-09-11,DOB,other,5,NA,NA
2021-09-11,DOB,plumbing,9,NA,NA
2021-09-11,DOB,special projects inspection team (spit),13,NA,NA
2021-09-11,DOHMH,food establishment,22,NA,NA
2021-09-11,DOHMH,indoor air quality,17,NA,NA
2021-09-11,DOHMH,other,65,NA,NA
2021-09-11,DOHMH,rodent,71,NA,NA
2021-09-11,DOT,broken parking meter,32,NA,NA
2021-09-11,DOT,curb condition,10,NA,NA
2021-09-11,DOT,other,42,NA,NA
2021-09-11,DOT,sidewalk condition,61,NA,NA
2021-09-11,DOT,street condition,94,NA,NA
2021-09-11,DOT,street light condition,34,NA,NA
2021-09-11,DOT,street sign - damaged,8,NA,NA
2021-09-11,DOT,street sign - missing,8,NA,NA
2021-09-11,DOT,traffic signal condition,49,NA,NA
2021-09-11,DPR,damaged tree,57,NA,NA
2021-09-11,DPR,dead/dying tree,18,NA,NA
2021-09-11,DPR,maintenance or facility,42,NA,NA
2021-09-11,DPR,new tree request,21,NA,NA
2021-09-11,DPR,other,40,NA,NA
2021-09-11,DPR,overgrown tree/branches,33,NA,NA
2021-09-11,DPR,root/sewer/sidewalk condition,13,NA,NA
2021-09-11,DPR,violation of park rules,17,NA,NA
2021-09-11,DSNY,derelict vehicles,105,NA,NA
2021-09-11,DSNY,dirty conditions,129,NA,NA
2021-09-11,DSNY,graffiti,3,NA,NA
2021-09-11,DSNY,missed collection (all materials),181,NA,NA
2021-09-11,DSNY,other,130,NA,NA
2021-09-11,DSNY,other enforcement,2,NA,NA
2021-09-11,DSNY,sanitation condition,6,NA,NA
2021-09-11,HPD,appliance,15,NA,NA
2021-09-11,HPD,door/window,29,NA,NA
2021-09-11,HPD,electric,19,NA,NA
2021-09-11,HPD,flooring/stairs,11,NA,NA
2021-09-11,HPD,general,40,NA,NA
2021-09-11,HPD,heat/hot water,106,NA,NA
2021-09-11,HPD,other,3,NA,NA
2021-09-11,HPD,paint/plaster,27,NA,NA
2021-09-11,HPD,plumbing,71,NA,NA
2021-09-11,HPD,safety,4,NA,NA
2021-09-11,HPD,unsanitary condition,132,NA,NA
2021-09-11,HPD,water leak,64,NA,NA
2021-09-11,MAYORS OFFICE OF SPECIAL ENFORCEMENT,other,1,NA,NA
2021-09-11,NYPD,abandoned vehicle,116,NA,NA
2021-09-11,NYPD,animal-abuse,22,NA,NA
2021-09-11,NYPD,blocked driveway,469,NA,NA
2021-09-11,NYPD,illegal fireworks,21,NA,NA
2021-09-11,NYPD,illegal parking,996,NA,NA
2021-09-11,NYPD,noise - commercial,427,NA,NA
2021-09-11,NYPD,noise - park,89,NA,NA
2021-09-11,NYPD,noise - residential,2524,NA,NA
2021-09-11,NYPD,noise - street/sidewalk,1427,NA,NA
2021-09-11,NYPD,noise - vehicle,541,NA,NA
2021-09-11,NYPD,non-emergency police matter,40,NA,NA
2021-09-11,NYPD,other,144,NA,NA
2021-09-11,NYPD,traffic,23,NA,NA
2021-09-11,TLC,for hire vehicle complaint,36,NA,NA
2021-09-11,TLC,other,26,NA,NA
2021-09-11,TLC,taxi complaint,18,NA,NA
2021-09-12,DCA,consumer complaint,41,NA,NA
2021-09-12,DEP,air quality,15,NA,NA
2021-09-12,DEP,lead,13,NA,NA
2021-09-12,DEP,noise,103,NA,NA
2021-09-12,DEP,other,10,NA,NA
2021-09-12,DEP,sewer,99,NA,NA
2021-09-12,DEP,water conservation,11,NA,NA
2021-09-12,DEP,water system,92,NA,NA
2021-09-12,DHS,homeless person assistance,156,NA,NA
2021-09-12,DHS,other,19,NA,NA
2021-09-12,DOB,building/use,40,NA,NA
2021-09-12,DOB,elevator,47,NA,NA
2021-09-12,DOB,emergency response team (ert),6,NA,NA
2021-09-12,DOB,general construction/plumbing,47,NA,NA
2021-09-12,DOB,other,6,NA,NA
2021-09-12,DOB,plumbing,5,NA,NA
2021-09-12,DOB,special projects inspection team (spit),7,NA,NA
2021-09-12,DOHMH,food establishment,25,NA,NA
2021-09-12,DOHMH,indoor air quality,6,NA,NA
2021-09-12,DOHMH,other,89,NA,NA
2021-09-12,DOHMH,rodent,98,NA,NA
2021-09-12,DOT,broken parking meter,4,NA,NA
2021-09-12,DOT,curb condition,14,NA,NA
2021-09-12,DOT,other,32,NA,NA
2021-09-12,DOT,sidewalk condition,43,NA,NA
2021-09-12,DOT,street condition,73,NA,NA
2021-09-12,DOT,street light condition,36,NA,NA
2021-09-12,DOT,street sign - damaged,3,NA,NA
2021-09-12,DOT,street sign - missing,12,NA,NA
2021-09-12,DOT,traffic signal condition,45,NA,NA
2021-09-12,DPR,damaged tree,54,NA,NA
2021-09-12,DPR,dead/dying tree,15,NA,NA
2021-09-12,DPR,maintenance or facility,46,NA,NA
2021-09-12,DPR,new tree request,23,NA,NA
2021-09-12,DPR,other,21,NA,NA
2021-09-12,DPR,overgrown tree/branches,37,NA,NA
2021-09-12,DPR,root/sewer/sidewalk condition,12,NA,NA
2021-09-12,DPR,violation of park rules,12,NA,NA
2021-09-12,DSNY,derelict vehicles,107,NA,NA
2021-09-12,DSNY,dirty conditions,164,NA,NA
2021-09-12,DSNY,graffiti,2,NA,NA
2021-09-12,DSNY,missed collection (all materials),189,NA,NA
2021-09-12,DSNY,other,115,NA,NA
2021-09-12,DSNY,other enforcement,1,NA,NA
2021-09-12,DSNY,sanitation condition,9,NA,NA
2021-09-12,HPD,appliance,12,NA,NA
2021-09-12,HPD,door/window,28,NA,NA
2021-09-12,HPD,electric,26,NA,NA
2021-09-12,HPD,flooring/stairs,8,NA,NA
2021-09-12,HPD,general,18,NA,NA
2021-09-12,HPD,heat/hot water,122,NA,NA
2021-09-12,HPD,other,8,NA,NA
2021-09-12,HPD,paint/plaster,27,NA,NA
2021-09-12,HPD,plumbing,28,NA,NA
2021-09-12,HPD,safety,4,NA,NA
2021-09-12,HPD,unsanitary condition,110,NA,NA
2021-09-12,HPD,water leak,60,NA,NA
2021-09-12,MAYORS OFFICE OF SPECIAL ENFORCEMENT,other,32,NA,NA
2021-09-12,NYPD,abandoned vehicle,99,NA,NA
2021-09-12,NYPD,animal-abuse,69,NA,NA
2021-09-12,NYPD,blocked driveway,492,NA,NA
2021-09-12,NYPD,illegal fireworks,32,NA,NA
2021-09-12,NYPD,illegal parking,1097,NA,NA
2021-09-12,NYPD,noise - commercial,361,NA,NA
2021-09-12,NYPD,noise - park,93,NA,NA
2021-09-12,NYPD,noise - residential,2185,NA,NA
2021-09-12,NYPD,noise - street/sidewalk,1540,NA,NA
2021-09-12,NYPD,noise - vehicle,621,NA,NA
2021-09-12,NYPD,non-emergency police matter,71,NA,NA
2021-09-12,NYPD,other,158,NA,NA
2021-09-12,NYPD,traffic,37,NA,NA
2021-09-12,TLC,for hire vehicle complaint,64,NA,NA
2021-09-12,TLC,other,22,NA,NA
2021-09-12,TLC,taxi complaint,27,NA,NA
2021-09-13,DCA,consumer complaint,73,NA,NA
2021-09-13,DEP,air quality,30,NA,NA
2021-09-13,DEP,lead,21,NA,NA
2021-09-13,DEP,noise,163,NA,NA
2021-09-13,DEP,other,24,NA,NA
2021-09-13,DEP,sewer,209,NA,NA
2021-09-13,DEP,water conservation,9,NA,NA
2021-09-13,DEP,water system,132,NA,NA
2021-09-13,DHS,homeless person assistance,166,NA,NA
2021-09-13,DHS,other,28,NA,NA
2021-09-13,DOB,building/use,59,NA,NA
2021-09-13,DOB,elevator,97,NA,NA
2021-09-13,DOB,emergency response team (ert),7,NA,NA
2021-09-13,DOB,general construction/plumbing,122,NA,NA
2021-09-13,DOB,other,18,NA,NA
2021-09-13,DOB,plumbing,19,NA,NA
2021-09-13,DOB,special projects inspection team (spit),14,NA,NA
2021-09-13,DOHMH,food establishment,32,NA,NA
2021-09-13,DOHMH,indoor air quality,19,NA,NA
2021-09-13,DOHMH,other,173,NA,NA
2021-09-13,DOHMH,rodent,127,NA,NA
2021-09-13,DOT,broken parking meter,35,NA,NA
2021-09-13,DOT,curb condition,30,NA,NA
2021-09-13,DOT,other,52,NA,NA
2021-09-13,DOT,sidewalk condition,103,NA,NA
2021-09-13,DOT,street condition,188,NA,NA
2021-09-13,DOT,street light condition,181,NA,NA
2021-09-13,DOT,street sign - damaged,19,NA,NA
2021-09-13,DOT,street sign - missing,22,NA,NA
2021-09-13,DOT,traffic signal condition,111,NA,NA
2021-09-13,DPR,damaged tree,115,NA,NA
2021-09-13,DPR,dead/dying tree,57,NA,NA
2021-09-13,DPR,maintenance or facility,74,NA,NA
2021-09-13,DPR,new tree request,77,NA,NA
2021-09-13,DPR,other,35,NA,NA
2021-09-13,DPR,overgrown tree/branches,72,NA,NA
2021-09-13,DPR,root/sewer/sidewalk condition,47,NA,NA
2021-09-13,DPR,violation of park rules,12,NA,NA
2021-09-13,DSNY,derelict vehicles,152,NA,NA
2021-09-13,DSNY,dirty conditions,259,NA,NA
2021-09-13,DSNY,graffiti,5,NA,NA
2021-09-13,DSNY,missed collection (all materials),115,NA,NA
2021-09-13,DSNY,other,132,NA,NA
2021-09-13,DSNY,other enforcement,1,NA,NA
2021-09-13,DSNY,sanitation condition,3,NA,NA
2021-09-13,HPD,appliance,34,NA,NA
2021-09-13,HPD,door/window,60,NA,NA
2021-09-13,HPD,electric,46,NA,NA
2021-09-13,HPD,flooring/stairs,27,NA,NA
2021-09-13,HPD,general,65,NA,NA
2021-09-13,HPD,heat/hot water,177,NA,NA
2021-09-13,HPD,other,11,NA,NA
2021-09-13,HPD,paint/plaster,76,NA,NA
2021-09-13,HPD,plumbing,82,NA,NA
2021-09-13,HPD,safety,22,NA,NA
2021-09-13,HPD,unsanitary condition,226,NA,NA
2021-09-13,HPD,water leak,121,NA,NA
2021-09-13,MAYORS OFFICE OF SPECIAL ENFORCEMENT,other,17,NA,NA
2021-09-13,NYPD,abandoned vehicle,195,NA,NA
2021-09-13,NYPD,animal-abuse,60,NA,NA
2021-09-13,NYPD,blocked driveway,526,NA,NA
2021-09-13,NYPD,illegal fireworks,6,NA,NA
2021-09-13,NYPD,illegal parking,1198,NA,NA
2021-09-13,NYPD,noise - commercial,103,NA,NA
2021-09-13,NYPD,noise - park,24,NA,NA
2021-09-13,NYPD,noise - residential,591,NA,NA
2021-09-13,NYPD,noise - street/sidewalk,438,NA,NA
2021-09-13,NYPD,noise - vehicle,199,NA,NA
2021-09-13,NYPD,non-emergency police matter,81,NA,NA
2021-09-13,NYPD,other,188,NA,NA
2021-09-13,NYPD,traffic,33,NA,NA
2021-09-13,TLC,for hire vehicle complaint,27,NA,NA
2021-09-13,TLC,other,23,NA,NA
2021-09-13,TLC,taxi complaint,22,NA,NA
2021-09-14,DCA,consumer complaint,66,NA,NA
2021-09-14,DEP,air quality,42,NA,NA
2021-09-14,DEP,lead,24,NA,NA
2021-09-14,DEP,noise,164,NA,NA
2021-09-14,DEP,other,19,NA,NA
2021-09-14,DEP,sewer,220,NA,NA
2021-09-14,DEP,water conservation,10,NA,NA
2021-09-14,DEP,water system,155,NA,NA
2021-09-14,DHS,homeless person assistance,163,NA,NA
2021-09-14,DHS,other,47,NA,NA
2021-09-14,DOB,building/use,66,NA,NA
2021-09-14,DOB,elevator,97,NA,NA
2021-09-14,DOB,emergency response team (ert),12,NA,NA
2021-09-14,DOB,general construction/plumbing,178,NA,NA
2021-09-14,DOB,other,32,NA,NA
2021-09-14,DOB,plumbing,17,NA,NA
2021-09-14,DOB,special projects inspection team (spit),16,NA,NA
2021-09-14,DOHMH,food establishment,30,NA,NA
2021-09-14,DOHMH,indoor air quality,20,NA,NA
2021-09-14,DOHMH,other,187,NA,NA
2021-09-14,DOHMH,rodent,122,NA,NA
2021-09-14,DOT,broken parking meter,47,NA,NA
2021-09-14,DOT,curb condition,30,NA,NA
2021-09-14,DOT,other,43,NA,NA
2021-09-14,DOT,sidewalk condition,115,NA,NA
2021-09-14,DOT,street condition,204,NA,NA
2021-09-14,DOT,street light condition,232,NA,NA
2021-09-14,DOT,street sign - damaged,22,NA,NA
2021-09-14,DOT,street sign - missing,22,NA,NA
2021-09-14,DOT,traffic signal condition,114,NA,NA
2021-09-14,DPR,damaged tree,118,NA,NA
2021-09-14,DPR,dead/dying tree,37,NA,NA
2021-09-14,DPR,maintenance or facility,73,NA,NA
2021-09-14,DPR,new tree request,48,NA,NA
2021-09-14,DPR,other,22,NA,NA
2021-09-14,DPR,overgrown tree/branches,79,NA,NA
2021-09-14,DPR,root/sewer/sidewalk condition,34,NA,NA
2021-09-14,DPR,violation of park rules,9,NA,NA
2021-09-14,DSNY,derelict vehicles,170,NA,NA
2021-09-14,DSNY,dirty conditions,200,NA,NA
2021-09-14,DSNY,graffiti,49,NA,NA
2021-09-14,DSNY,missed collection (all materials),215,NA,NA
2021-09-14,DSNY,other,134,NA,NA
2021-09-14,DSNY,other enforcement,8,NA,NA
2021-09-14,DSNY,sanitation condition,7,NA,NA
2021-09-14,HPD,appliance,33,NA,NA
2021-09-14,HPD,door/window,47,NA,NA
2021-09-14,HPD,electric,50,NA,NA
2021-09-14,HPD,flooring/stairs,42,NA,NA
2021-09-14,HPD,general,51,NA,NA
2021-09-14,HPD,heat/hot water,109,NA,NA
2021-09-14,HPD,other,8,NA,NA
2021-09-14,HPD,paint/plaster,81,NA,NA
2021-09-14,HPD,plumbing,81,NA,NA
2021-09-14,HPD,safety,5,NA,NA
2021-09-14,HPD,unsanitary condition,228,NA,NA
2021-09-14,HPD,water leak,107,NA,NA
2021-09-14,MAYORS OFFICE OF SPECIAL ENFORCEMENT,other,12,NA,NA
2021-09-14,NYPD,abandoned vehicle,178,NA,NA
2021-09-14,NYPD,animal-abuse,92,NA,NA
2021-09-14,NYPD,blocked driveway,500,NA,NA
2021-09-14,NYPD,illegal fireworks,4,NA,NA
2021-09-14,NYPD,illegal parking,1251,NA,NA
2021-09-14,NYPD,noise - commercial,123,NA,NA
2021-09-14,NYPD,noise - park,21,NA,NA
2021-09-14,NYPD,noise - residential,466,NA,NA
2021-09-14,NYPD,noise - street/sidewalk,338,NA,NA
2021-09-14,NYPD,noise - vehicle,127,NA,NA
2021-09-14,NYPD,non-emergency police matter,84,NA,NA
2021-09-14,NYPD,other,194,NA,NA
2021-09-14,NYPD,traffic,33,NA,NA
2021-09-14,TLC,for hire vehicle complaint,31,NA,NA
2021-09-14,TLC,other,24,NA,NA
2021-09-14,TLC,taxi complaint,24,NA,NA
2021-09-15,DCA,consumer complaint,71,NA,NA
2021-09-15,DEP,air quality,33,NA,NA
2021-09-15,DEP,lead,17,NA,NA
2021-09-15,DEP,noise,130,NA,NA
2021-09-15,DEP,other,32,NA,NA
2021-09-15,DEP,sewer,182,NA,NA
2021-09-15,DEP,water conservation,6,NA,NA
2021-09-15,DEP,water system,295,NA,NA
2021-09-15,DHS,homeless person assistance,168,NA,NA
2021-09-15,DHS,other,22,NA,NA
2021-09-15,DOB,building/use,73,NA,NA
2021-09-15,DOB,elevator,92,NA,NA
2021-09-15,DOB,emergency response team (ert),11,NA,NA
2021-09-15,DOB,general construction/plumbing,143,NA,NA
2021-09-15,DOB,other,19,NA,NA
2021-09-15,DOB,plumbing,15,NA,NA
2021-09-15,DOB,special projects inspection team (spit),10,NA,NA
2021-09-15,DOHMH,food establishment,30,NA,NA
2021-09-15,DOHMH,indoor air quality,13,NA,NA
2021-09-15,DOHMH,other,158,NA,NA
2021-09-15,DOHMH,rodent,154,NA,NA
2021-09-15,DOT,broken parking meter,36,NA,NA
2021-09-15,DOT,curb condition,18,NA,NA
2021-09-15,DOT,other,38,NA,NA
2021-09-15,DOT,sidewalk condition,70,NA,NA
2021-09-15,DOT,street condition,159,NA,NA
2021-09-15,DOT,street light condition,231,NA,NA
2021-09-15,DOT,street sign - damaged,14,NA,NA
2021-09-15,DOT,street sign - missing,17,NA,NA
2021-09-15,DOT,traffic signal condition,114,NA,NA
2021-09-15,DPR,damaged tree,94,NA,NA
2021-09-15,DPR,dead/dying tree,28,NA,NA
2021-09-15,DPR,maintenance or facility,74,NA,NA
2021-09-15,DPR,new tree request,32,NA,NA
2021-09-15,DPR,other,32,NA,NA
2021-09-15,DPR,overgrown tree/branches,75,NA,NA
2021-09-15,DPR,root/sewer/sidewalk condition,53,NA,NA
2021-09-15,DPR,violation of park rules,6,NA,NA
2021-09-15,DSNY,derelict vehicles,197,NA,NA
2021-09-15,DSNY,dirty conditions,198,NA,NA
2021-09-15,DSNY,graffiti,24,NA,NA
2021-09-15,DSNY,missed collection (all materials),239,NA,NA
2021-09-15,DSNY,other,127,NA,NA
2021-09-15,DSNY,other enforcement,1,NA,NA
2021-09-15,DSNY,sanitation condition,7,NA,NA
2021-09-15,HPD,appliance,39,NA,NA
2021-09-15,HPD,door/window,55,NA,NA
2021-09-15,HPD,electric,58,NA,NA
2021-09-15,HPD,flooring/stairs,19,NA,NA
2021-09-15,HPD,general,59,NA,NA
2021-09-15,HPD,heat/hot water,117,NA,NA
2021-09-15,HPD,other,7,NA,NA
2021-09-15,HPD,paint/plaster,90,NA,NA
2021-09-15,HPD,plumbing,61,NA,NA
2021-09-15,HPD,safety,11,NA,NA
2021-09-15,HPD,unsanitary condition,216,NA,NA
2021-09-15,HPD,water leak,102,NA,NA
2021-09-15,MAYORS OFFICE OF SPECIAL ENFORCEMENT,other,12,NA,NA
2021-09-15,NYPD,abandoned vehicle,172,NA,NA
2021-09-15,NYPD,animal-abuse,33,NA,NA
2021-09-15,NYPD,blocked driveway,468,NA,NA
2021-09-15,NYPD,illegal fireworks,11,NA,NA
2021-09-15,NYPD,illegal parking,1156,NA,NA
2021-09-15,NYPD,noise - commercial,115,NA,NA
2021-09-15,NYPD,noise - park,27,NA,NA
2021-09-15,NYPD,noise - residential,818,NA,NA
2021-09-15,NYPD,noise - street/sidewalk,315,NA,NA
2021-09-15,NYPD,noise - vehicle,175,NA,NA
2021-09-15,NYPD,non-emergency police matter,75,NA,NA
2021-09-15,NYPD,other,213,NA,NA
2021-09-15,NYPD,traffic,25,NA,NA
2021-09-15,TLC,for hire vehicle complaint,34,NA,NA
2021-09-15,TLC,other,17,NA,NA
2021-09-15,TLC,taxi complaint,14,NA,NA
2021-09-16,DCA,consumer complaint,81,NA,NA
2021-09-16,DEP,air quality,37,NA,NA
2021-09-16,DEP,lead,12,NA,NA
2021-09-16,DEP,noise,105,NA,NA
2021-09-16,DEP,other,17,NA,NA
2021-09-16,DEP,sewer,150,NA,NA
2021-09-16,DEP,water conservation,9,NA,NA
2021-09-16,DEP,water system,136,NA,NA
2021-09-16,DHS,homeless person assistance,133,NA,NA
2021-09-16,DHS,other,13,NA,NA
2021-09-16,DOB,building/use,72,NA,NA
2021-09-16,DOB,elevator,74,NA,NA
2021-09-16,DOB,emergency response team (ert),8,NA,NA
2021-09-16,DOB,general construction/plumbing,140,NA,NA
2021-09-16,DOB,other,15,NA,NA
2021-09-16,DOB,plumbing,9,NA,NA
2021-09-16,DOB,special projects inspection team (spit),9,NA,NA
2021-09-16,DOHMH,food establishment,30,NA,NA
2021-09-16,DOHMH,indoor air quality,24,NA,NA
2021-09-16,DOHMH,other,132,NA,NA
2021-09-16,DOHMH,rodent,130,NA,NA
2021-09-16,DOT,broken parking meter,35,NA,NA
2021-09-16,DOT,curb condition,19,NA,NA
2021-09-16,DOT,other,41,NA,NA
2021-09-16,DOT,sidewalk condition,95,NA,NA
2021-09-16,DOT,street condition,180,NA,NA
2021-09-16,DOT,street light condition,192,NA,NA
2021-09-16,DOT,street sign - damaged,15,NA,NA
2021-09-16,DOT,street sign - missing,17,NA,NA
2021-09-16,DOT,traffic signal condition,82,NA,NA
2021-09-16,DPR,damaged tree,98,NA,NA
2021-09-16,DPR,dead/dying tree,40,NA,NA
2021-09-16,DPR,maintenance or facility,61,NA,NA
2021-09-16,DPR,new tree request,37,NA,NA
2021-09-16,DPR,other,45,NA,NA
2021-09-16,DPR,overgrown tree/branches,59,NA,NA
2021-09-16,DPR,root/sewer/sidewalk condition,44,NA,NA
2021-09-16,DPR,violation of park rules,11,NA,NA
2021-09-16,DSNY,derelict vehicles,169,NA,NA
2021-09-16,DSNY,dirty conditions,197,NA,NA
2021-09-16,DSNY,graffiti,7,NA,NA
2021-09-16,DSNY,missed collection (all materials),154,NA,NA
2021-09-16,DSNY,other,126,NA,NA
2021-09-16,DSNY,other enforcement,5,NA,NA
2021-09-16,DSNY,sanitation condition,11,NA,NA
2021-09-16,HPD,appliance,44,NA,NA
2021-09-16,HPD,door/window,51,NA,NA
2021-09-16,HPD,electric,34,NA,NA
2021-09-16,HPD,flooring/stairs,25,NA,NA
2021-09-16,HPD,general,58,NA,NA
2021-09-16,HPD,heat/hot water,115,NA,NA
2021-09-16,HPD,other,12,NA,NA
2021-09-16,HPD,paint/plaster,63,NA,NA
2021-09-16,HPD,plumbing,88,NA,NA
2021-09-16,HPD,safety,15,NA,NA
2021-09-16,HPD,unsanitary condition,200,NA,NA
2021-09-16,HPD,water leak,79,NA,NA
2021-09-16,MAYORS OFFICE OF SPECIAL ENFORCEMENT,other,7,NA,NA
2021-09-16,NYPD,abandoned vehicle,166,NA,NA
2021-09-16,NYPD,animal-abuse,23,NA,NA
2021-09-16,NYPD,blocked driveway,444,NA,NA
2021-09-16,NYPD,illegal fireworks,23,NA,NA
2021-09-16,NYPD,illegal parking,1001,NA,NA
2021-09-16,NYPD,noise - commercial,154,NA,NA
2021-09-16,NYPD,noise - park,19,NA,NA
2021-09-16,NYPD,noise - residential,548,NA,NA
2021-09-16,NYPD,noise - street/sidewalk,380,NA,NA
2021-09-16,NYPD,noise - vehicle,195,NA,NA
2021-09-16,NYPD,non-emergency police matter,58,NA,NA
2021-09-16,NYPD,other,143,NA,NA
2021-09-16,NYPD,traffic,13,NA,NA
2021-09-16,TLC,for hire vehicle complaint,19,NA,NA
2021-09-16,TLC,other,27,NA,NA
2021-09-16,TLC,taxi complaint,12,NA,NA
2021-09-17,DCA,consumer complaint,64,NA,NA
2021-09-17,DEP,air quality,46,NA,NA
2021-09-17,DEP,lead,20,NA,NA
2021-09-17,DEP,noise,127,NA,NA
2021-09-17,DEP,other,15,NA,NA
2021-09-17,DEP,sewer,150,NA,NA
2021-09-17,DEP,water conservation,4,NA,NA
2021-09-17,DEP,water system,155,NA,NA
2021-09-17,DHS,homeless person assistance,155,NA,NA
2021-09-17,DHS,other,35,NA,NA
2021-09-17,DOB,building/use,79,NA,NA
2021-09-17,DOB,elevator,74,NA,NA
2021-09-17,DOB,emergency response team (ert),9,NA,NA
2021-09-17,DOB,general construction/plumbing,135,NA,NA
2021-09-17,DOB,other,17,NA,NA
2021-09-17,DOB,plumbing,13,NA,NA
2021-09-17,DOB,special projects inspection team (spit),13,NA,NA
2021-09-17,DOHMH,food establishment,34,NA,NA
2021-09-17,DOHMH,indoor air quality,22,NA,NA
2021-09-17,DOHMH,other,157,NA,NA
2021-09-17,DOHMH,rodent,123,NA,NA
2021-09-17,DOT,broken parking meter,35,NA,NA
2021-09-17,DOT,curb condition,16,NA,NA
2021-09-17,DOT,other,56,NA,NA
2021-09-17,DOT,sidewalk condition,69,NA,NA
2021-09-17,DOT,street condition,163,NA,NA
2021-09-17,DOT,street light condition,171,NA,NA
2021-09-17,DOT,street sign - damaged,13,NA,NA
2021-09-17,DOT,street sign - missing,16,NA,NA
2021-09-17,DOT,traffic signal condition,124,NA,NA
2021-09-17,DPR,damaged tree,72,NA,NA
2021-09-17,DPR,dead/dying tree,40,NA,NA
2021-09-17,DPR,maintenance or facility,69,NA,NA
2021-09-17,DPR,new tree request,52,NA,NA
2021-09-17,DPR,other,35,NA,NA
2021-09-17,DPR,overgrown tree/branches,89,NA,NA
2021-09-17,DPR,root/sewer/sidewalk condition,24,NA,NA
2021-09-17,DPR,violation of park rules,7,NA,NA
2021-09-17,DSNY,derelict vehicles,156,NA,NA
2021-09-17,DSNY,dirty conditions,194,NA,NA
2021-09-17,DSNY,graffiti,32,NA,NA
2021-09-17,DSNY,missed collection (all materials),193,NA,NA
2021-09-17,DSNY,other,171,NA,NA
2021-09-17,DSNY,other enforcement,2,NA,NA
2021-09-17,DSNY,sanitation condition,5,NA,NA
2021-09-17,HPD,appliance,34,NA,NA
2021-09-17,HPD,door/window,39,NA,NA
2021-09-17,HPD,electric,31,NA,NA
2021-09-17,HPD,flooring/stairs,25,NA,NA
2021-09-17,HPD,general,41,NA,NA
2021-09-17,HPD,heat/hot water,96,NA,NA
2021-09-17,HPD,other,10,NA,NA
2021-09-17,HPD,paint/plaster,55,NA,NA
2021-09-17,HPD,plumbing,51,NA,NA
2021-09-17,HPD,safety,9,NA,NA
2021-09-17,HPD,unsanitary condition,212,NA,NA
2021-09-17,HPD,water leak,91,NA,NA
2021-09-17,MAYORS OFFICE OF SPECIAL ENFORCEMENT,other,11,NA,NA
2021-09-17,NYPD,abandoned vehicle,178,NA,NA
2021-09-17,NYPD,animal-abuse,17,NA,NA
2021-09-17,NYPD,blocked driveway,499,NA,NA
2021-09-17,NYPD,illegal fireworks,4,NA,NA
2021-09-17,NYPD,illegal parking,1135,NA,NA
2021-09-17,NYPD,noise - commercial,211,NA,NA
2021-09-17,NYPD,noise - park,39,NA,NA
2021-09-17,NYPD,noise - residential,727,NA,NA
2021-09-17,NYPD,noise - street/sidewalk,509,NA,NA
2021-09-17,NYPD,noise - vehicle,258,NA,NA
2021-09-17,NYPD,non-emergency police matter,80,NA,NA
2021-09-17,NYPD,other,236,NA,NA
2021-09-17,NYPD,traffic,28,NA,NA
2021-09-17,TLC,for hire vehicle complaint,19,NA,NA
2021-09-17,TLC,other,17,NA,NA
2021-09-17,TLC,taxi complaint,18,NA,NA
2021-09-18,DCA,consumer complaint,68,NA,NA
2021-09-18,DEP,air quality,8,NA,NA
2021-09-18,DEP,lead,15,NA,NA
2021-09-18,DEP,noise,120,NA,NA
2021-09-18,DEP,other,12,NA,NA
2021-09-18,DEP,sewer,66,NA,NA
2021-09-18,DEP,water conservation,9,NA,NA
2021-09-18,DEP,water system,109,NA,NA
2021-09-18,DHS,homeless person assistance,142,NA,NA
2021-09-18,DHS,other,22,NA,NA
2021-09-18,DOB,building/use,38,NA,NA
2021-09-18,DOB,elevator,35,NA,NA
2021-09-18,DOB,emergency response team (ert),12,NA,NA
2021-09-18,DOB,general construction/plumbing,65,NA,NA
2021-09-18,DOB,other,2,NA,NA
2021-09-18,DOB,plumbing,5,NA,NA
2021-09-18,DOB,special projects inspection team (spit),9,NA,NA
2021-09-18,DOHMH,food establishment,33,NA,NA
2021-09-18,DOHMH,indoor air quality,12,NA,NA
2021-09-18,DOHMH,other,151,NA,NA
2021-09-18,DOHMH,rodent,94,NA,NA
2021-09-18,DOT,broken parking meter,33,NA,NA
2021-09-18,DOT,curb condition,7,NA,NA
2021-09-18,DOT,other,33,NA,NA
2021-09-18,DOT,sidewalk condition,40,NA,NA
2021-09-18,DOT,street condition,123,NA,NA
2021-09-18,DOT,street light condition,46,NA,NA
2021-09-18,DOT,street sign - damaged,14,NA,NA
2021-09-18,DOT,street sign - missing,4,NA,NA
2021-09-18,DOT,traffic signal condition,53,NA,NA
2021-09-18,DPR,damaged tree,47,NA,NA
2021-09-18,DPR,dead/dying tree,14,NA,NA
2021-09-18,DPR,maintenance or facility,44,NA,NA
2021-09-18,DPR,new tree request,32,NA,NA
2021-09-18,DPR,other,23,NA,NA
2021-09-18,DPR,overgrown tree/branches,32,NA,NA
2021-09-18,DPR,root/sewer/sidewalk condition,12,NA,NA
2021-09-18,DPR,violation of park rules,28,NA,NA
2021-09-18,DSNY,derelict vehicles,111,NA,NA
2021-09-18,DSNY,dirty conditions,134,NA,NA
2021-09-18,DSNY,graffiti,8,NA,NA
2021-09-18,DSNY,missed collection (all materials),163,NA,NA
2021-09-18,DSNY,other,214,NA,NA
2021-09-18,DSNY,other enforcement,1,NA,NA
2021-09-18,DSNY,sanitation condition,5,NA,NA
2021-09-18,HPD,appliance,13,NA,NA
2021-09-18,HPD,door/window,24,NA,NA
2021-09-18,HPD,electric,21,NA,NA
2021-09-18,HPD,flooring/stairs,12,NA,NA
2021-09-18,HPD,general,27,NA,NA
2021-09-18,HPD,heat/hot water,97,NA,NA
2021-09-18,HPD,other,6,NA,NA
2021-09-18,HPD,paint/plaster,25,NA,NA
2021-09-18,HPD,plumbing,52,NA,NA
2021-09-18,HPD,safety,7,NA,NA
2021-09-18,HPD,unsanitary condition,121,NA,NA
2021-09-18,HPD,water leak,50,NA,NA
2021-09-18,MAYORS OFFICE OF SPECIAL ENFORCEMENT,other,5,NA,NA
2021-09-18,NYPD,abandoned vehicle,114,NA,NA
2021-09-18,NYPD,animal-abuse,15,NA,NA
2021-09-18,NYPD,blocked driveway,513,NA,NA
2021-09-18,NYPD,illegal fireworks,44,NA,NA
2021-09-18,NYPD,illegal parking,1159,NA,NA
2021-09-18,NYPD,noise - commercial,347,NA,NA
2021-09-18,NYPD,noise - park,101,NA,NA
2021-09-18,NYPD,noise - residential,2165,NA,NA
2021-09-18,NYPD,noise - street/sidewalk,1427,NA,NA
2021-09-18,NYPD,noise - vehicle,432,NA,NA
2021-09-18,NYPD,non-emergency police matter,66,NA,NA
2021-09-18,NYPD,other,162,NA,NA
2021-09-18,NYPD,traffic,23,NA,NA
2021-09-18,TLC,for hire vehicle complaint,18,NA,NA
2021-09-18,TLC,other,23,NA,NA
2021-09-18,TLC,taxi complaint,24,NA,NA
2021-09-19,DCA,consumer complaint,49,NA,NA
2021-09-19,DEP,air quality,12,NA,NA
2021-09-19,DEP,lead,19,NA,NA
2021-09-19,DEP,noise,125,NA,NA
2021-09-19,DEP,other,12,NA,NA
2021-09-19,DEP,sewer,73,NA,NA
2021-09-19,DEP,water conservation,5,NA,NA
2021-09-19,DEP,water system,90,NA,NA
2021-09-19,DHS,homeless person assistance,122,NA,NA
2021-09-19,DHS,other,7,NA,NA
2021-09-19,DOB,building/use,44,NA,NA
2021-09-19,DOB,elevator,29,NA,NA
2021-09-19,DOB,emergency response team (ert),9,NA,NA
2021-09-19,DOB,general construction/plumbing,46,NA,NA
2021-09-19,DOB,other,6,NA,NA
2021-09-19,DOB,plumbing,4,NA,NA
2021-09-19,DOB,special projects inspection team (spit),6,NA,NA
2021-09-19,DOHMH,food establishment,38,NA,NA
2021-09-19,DOHMH,indoor air quality,12,NA,NA
2021-09-19,DOHMH,other,133,NA,NA
2021-09-19,DOHMH,rodent,87,NA,NA
2021-09-19,DOT,broken parking meter,1,NA,NA
2021-09-19,DOT,curb condition,12,NA,NA
2021-09-19,DOT,other,29,NA,NA
2021-09-19,DOT,sidewalk condition,45,NA,NA
2021-09-19,DOT,street condition,120,NA,NA
2021-09-19,DOT,street light condition,44,NA,NA
2021-09-19,DOT,street sign - damaged,12,NA,NA
2021-09-19,DOT,street sign - missing,7,NA,NA
2021-09-19,DOT,traffic signal condition,60,NA,NA
2021-09-19,DPR,damaged tree,51,NA,NA
2021-09-19,DPR,dead/dying tree,25,NA,NA
2021-09-19,DPR,maintenance or facility,74,NA,NA
2021-09-19,DPR,new tree request,44,NA,NA
2021-09-19,DPR,other,28,NA,NA
2021-09-19,DPR,overgrown tree/branches,38,NA,NA
2021-09-19,DPR,root/sewer/sidewalk condition,13,NA,NA
2021-09-19,DPR,violation of park rules,19,NA,NA
2021-09-19,DSNY,derelict vehicles,89,NA,NA
2021-09-19,DSNY,dirty conditions,171,NA,NA
2021-09-19,DSNY,graffiti,2,NA,NA
2021-09-19,DSNY,missed collection (all materials),172,NA,NA
2021-09-19,DSNY,other,254,NA,NA
2021-09-19,DSNY,other enforcement,2,NA,NA
2021-09-19,DSNY,sanitation condition,5,NA,NA
2021-09-19,HPD,appliance,10,NA,NA
2021-09-19,HPD,door/window,18,NA,NA
2021-09-19,HPD,electric,17,NA,NA
2021-09-19,HPD,flooring/stairs,13,NA,NA
2021-09-19,HPD,general,22,NA,NA
2021-09-19,HPD,heat/hot water,101,NA,NA
2021-09-19,HPD,other,3,NA,NA
2021-09-19,HPD,paint/plaster,34,NA,NA
2021-09-19,HPD,plumbing,42,NA,NA
2021-09-19,HPD,safety,7,NA,NA
2021-09-19,HPD,unsanitary condition,100,NA,NA
2021-09-19,HPD,water leak,48,NA,NA
2021-09-19,MAYORS OFFICE OF SPECIAL ENFORCEMENT,other,5,NA,NA
2021-09-19,NYPD,abandoned vehicle,118,NA,NA
2021-09-19,NYPD,animal-abuse,11,NA,NA
2021-09-19,NYPD,blocked driveway,486,NA,NA
2021-09-19,NYPD,illegal fireworks,14,NA,NA
2021-09-19,NYPD,illegal parking,980,NA,NA
2021-09-19,NYPD,noise - commercial,288,NA,NA
2021-09-19,NYPD,noise - park,104,NA,NA
2021-09-19,NYPD,noise - residential,2460,NA,NA
2021-09-19,NYPD,noise - street/sidewalk,1529,NA,NA
2021-09-19,NYPD,noise - vehicle,563,NA,NA
2021-09-19,NYPD,non-emergency police matter,68,NA,NA
2021-09-19,NYPD,other,161,NA,NA
2021-09-19,NYPD,traffic,25,NA,NA
2021-09-19,TLC,for hire vehicle complaint,21,NA,NA
2021-09-19,TLC,other,19,NA,NA
2021-09-19,TLC,taxi complaint,24,NA,NA
2021-09-20,DCA,consumer complaint,80,NA,NA
2021-09-20,DEP,air quality,41,NA,NA
2021-09-20,DEP,lead,30,NA,NA
2021-09-20,DEP,noise,129,NA,NA
2021-09-20,DEP,other,22,NA,NA
2021-09-20,DEP,sewer,125,NA,NA
2021-09-20,DEP,water conservation,12,NA,NA
2021-09-20,DEP,water system,205,NA,NA
2021-09-20,DHS,homeless person assistance,196,NA,NA
2021-09-20,DHS,other,20,NA,NA
2021-09-20,DOB,building/use,69,NA,NA
2021-09-20,DOB,elevator,72,NA,NA
2021-09-20,DOB,emergency response team (ert),8,NA,NA
2021-09-20,DOB,general construction/plumbing,138,NA,NA
2021-09-20,DOB,other,22,NA,NA
2021-09-20,DOB,plumbing,15,NA,NA
2021-09-20,DOB,special projects inspection team (spit),8,NA,NA
2021-09-20,DOHMH,food establishment,45,NA,NA
2021-09-20,DOHMH,indoor air quality,27,NA,NA
2021-09-20,DOHMH,other,168,NA,NA
2021-09-20,DOHMH,rodent,153,NA,NA
2021-09-20,DOT,broken parking meter,42,NA,NA
2021-09-20,DOT,curb condition,27,NA,NA
2021-09-20,DOT,other,51,NA,NA
2021-09-20,DOT,sidewalk condition,119,NA,NA
2021-09-20,DOT,street condition,226,NA,NA
2021-09-20,DOT,street light condition,157,NA,NA
2021-09-20,DOT,street sign - damaged,18,NA,NA
2021-09-20,DOT,street sign - missing,13,NA,NA
2021-09-20,DOT,traffic signal condition,108,NA,NA
2021-09-20,DPR,damaged tree,87,NA,NA
2021-09-20,DPR,dead/dying tree,27,NA,NA
2021-09-20,DPR,maintenance or facility,77,NA,NA
2021-09-20,DPR,new tree request,50,NA,NA
2021-09-20,DPR,other,21,NA,NA
2021-09-20,DPR,overgrown tree/branches,79,NA,NA
2021-09-20,DPR,root/sewer/sidewalk condition,36,NA,NA
2021-09-20,DPR,violation of park rules,6,NA,NA
2021-09-20,DSNY,derelict vehicles,171,NA,NA
2021-09-20,DSNY,dirty conditions,235,NA,NA
2021-09-20,DSNY,graffiti,32,NA,NA
2021-09-20,DSNY,missed collection (all materials),69,NA,NA
2021-09-20,DSNY,other,162,NA,NA
2021-09-20,DSNY,other enforcement,2,NA,NA
2021-09-20,DSNY,sanitation condition,8,NA,NA
2021-09-20,HPD,appliance,39,NA,NA
2021-09-20,HPD,door/window,64,NA,NA
2021-09-20,HPD,electric,36,NA,NA
2021-09-20,HPD,flooring/stairs,28,NA,NA
2021-09-20,HPD,general,49,NA,NA
2021-09-20,HPD,heat/hot water,110,NA,NA
2021-09-20,HPD,other,9,NA,NA
2021-09-20,HPD,paint/plaster,85,NA,NA
2021-09-20,HPD,plumbing,67,NA,NA
2021-09-20,HPD,safety,8,NA,NA
2021-09-20,HPD,unsanitary condition,236,NA,NA
2021-09-20,HPD,water leak,95,NA,NA
2021-09-20,MAYORS OFFICE OF SPECIAL ENFORCEMENT,other,8,NA,NA
2021-09-20,NYPD,abandoned vehicle,177,NA,NA
2021-09-20,NYPD,animal-abuse,23,NA,NA
2021-09-20,NYPD,blocked driveway,507,NA,NA
2021-09-20,NYPD,illegal fireworks,9,NA,NA
2021-09-20,NYPD,illegal parking,1066,NA,NA
2021-09-20,NYPD,noise - commercial,119,NA,NA
2021-09-20,NYPD,noise - park,15,NA,NA
2021-09-20,NYPD,noise - residential,647,NA,NA
2021-09-20,NYPD,noise - street/sidewalk,462,NA,NA
2021-09-20,NYPD,noise - vehicle,267,NA,NA
2021-09-20,NYPD,non-emergency police matter,74,NA,NA
2021-09-20,NYPD,other,157,NA,NA
2021-09-20,NYPD,traffic,16,NA,NA
2021-09-20,TLC,for hire vehicle complaint,42,NA,NA
2021-09-20,TLC,other,23,NA,NA
2021-09-20,TLC,taxi complaint,18,NA,NA
2021-09-21,DCA,consumer complaint,71,NA,NA
2021-09-21,DEP,air quality,48,NA,NA
2021-09-21,DEP,lead,34,NA,NA
2021-09-21,DEP,noise,157,NA,NA
2021-09-21,DEP,other,20,NA,NA
2021-09-21,DEP,sewer,151,NA,NA
2021-09-21,DEP,water conservation,11,NA,NA
2021-09-21,DEP,water system,139,NA,NA
2021-09-21,DHS,homeless person assistance,170,NA,NA
2021-09-21,DHS,other,28,NA,NA
2021-09-21,DOB,building/use,58,NA,NA
2021-09-21,DOB,elevator,60,NA,NA
2021-09-21,DOB,emergency response team (ert),7,NA,NA
2021-09-21,DOB,general construction/plumbing,119,NA,NA
2021-09-21,DOB,other,16,NA,NA
2021-09-21,DOB,plumbing,9,NA,NA
2021-09-21,DOB,special projects inspection team (spit),11,NA,NA
2021-09-21,DOHMH,food establishment,37,NA,NA
2021-09-21,DOHMH,indoor air quality,25,NA,NA
2021-09-21,DOHMH,other,126,NA,NA
2021-09-21,DOHMH,rodent,132,NA,NA
2021-09-21,DOT,broken parking meter,39,NA,NA
2021-09-21,DOT,curb condition,22,NA,NA
2021-09-21,DOT,other,37,NA,NA
2021-09-21,DOT,sidewalk condition,83,NA,NA
2021-09-21,DOT,street condition,268,NA,NA
2021-09-21,DOT,street light condition,81,NA,NA
2021-09-21,DOT,street sign - damaged,23,NA,NA
2021-09-21,DOT,street sign - missing,15,NA,NA
2021-09-21,DOT,traffic signal condition,89,NA,NA
2021-09-21,DPR,damaged tree,58,NA,NA
2021-09-21,DPR,dead/dying tree,33,NA,NA
2021-09-21,DPR,maintenance or facility,59,NA,NA
2021-09-21,DPR,new tree request,34,NA,NA
2021-09-21,DPR,other,26,NA,NA
2021-09-21,DPR,overgrown tree/branches,78,NA,NA
2021-09-21,DPR,root/sewer/sidewalk condition,33,NA,NA
2021-09-21,DPR,violation of park rules,8,NA,NA
2021-09-21,DSNY,derelict vehicles,144,NA,NA
2021-09-21,DSNY,dirty conditions,169,NA,NA
2021-09-21,DSNY,graffiti,46,NA,NA
2021-09-21,DSNY,missed collection (all materials),135,NA,NA
2021-09-21,DSNY,other,252,NA,NA
2021-09-21,DSNY,other enforcement,1,NA,NA
2021-09-21,DSNY,sanitation condition,2,NA,NA
2021-09-21,HPD,appliance,38,NA,NA
2021-09-21,HPD,door/window,51,NA,NA
2021-09-21,HPD,electric,30,NA,NA
2021-09-21,HPD,flooring/stairs,29,NA,NA
2021-09-21,HPD,general,66,NA,NA
2021-09-21,HPD,heat/hot water,122,NA,NA
2021-09-21,HPD,other,5,NA,NA
2021-09-21,HPD,paint/plaster,73,NA,NA
2021-09-21,HPD,plumbing,78,NA,NA
2021-09-21,HPD,safety,17,NA,NA
2021-09-21,HPD,unsanitary condition,215,NA,NA
2021-09-21,HPD,water leak,80,NA,NA
2021-09-21,MAYORS OFFICE OF SPECIAL ENFORCEMENT,other,7,NA,NA
2021-09-21,NYPD,abandoned vehicle,183,NA,NA
2021-09-21,NYPD,animal-abuse,20,NA,NA
2021-09-21,NYPD,blocked driveway,430,NA,NA
2021-09-21,NYPD,illegal fireworks,1,NA,NA
2021-09-21,NYPD,illegal parking,1050,NA,NA
2021-09-21,NYPD,noise - commercial,94,NA,NA
2021-09-21,NYPD,noise - park,21,NA,NA
2021-09-21,NYPD,noise - residential,510,NA,NA
2021-09-21,NYPD,noise - street/sidewalk,286,NA,NA
2021-09-21,NYPD,noise - vehicle,194,NA,NA
2021-09-21,NYPD,non-emergency police matter,66,NA,NA
2021-09-21,NYPD,other,186,NA,NA
2021-09-21,NYPD,traffic,23,NA,NA
2021-09-21,TLC,for hire vehicle complaint,28,NA,NA
2021-09-21,TLC,other,23,NA,NA
2021-09-21,TLC,taxi complaint,15,NA,NA
2021-09-22,DCA,consumer complaint,87,NA,NA
2021-09-22,DEP,air quality,50,NA,NA
2021-09-22,DEP,lead,34,NA,NA
2021-09-22,DEP,noise,149,NA,NA
2021-09-22,DEP,other,15,NA,NA
2021-09-22,DEP,sewer,117,NA,NA
2021-09-22,DEP,water conservation,11,NA,NA
2021-09-22,DEP,water system,132,NA,NA
2021-09-22,DHS,homeless person assistance,172,NA,NA
2021-09-22,DHS,other,41,NA,NA
2021-09-22,DOB,building/use,66,NA,NA
2021-09-22,DOB,elevator,64,NA,NA
2021-09-22,DOB,emergency response team (ert),11,NA,NA
2021-09-22,DOB,general construction/plumbing,116,NA,NA
2021-09-22,DOB,other,20,NA,NA
2021-09-22,DOB,plumbing,9,NA,NA
2021-09-22,DOB,special projects inspection team (spit),12,NA,NA
2021-09-22,DOHMH,food establishment,44,NA,NA
2021-09-22,DOHMH,indoor air quality,26,NA,NA
2021-09-22,DOHMH,other,131,NA,NA
2021-09-22,DOHMH,rodent,169,NA,NA
2021-09-22,DOT,broken parking meter,47,NA,NA
2021-09-22,DOT,curb condition,19,NA,NA
2021-09-22,DOT,other,48,NA,NA
2021-09-22,DOT,sidewalk condition,186,NA,NA
2021-09-22,DOT,street condition,230,NA,NA
2021-09-22,DOT,street light condition,137,NA,NA
2021-09-22,DOT,street sign - damaged,15,NA,NA
2021-09-22,DOT,street sign - missing,21,NA,NA
2021-09-22,DOT,traffic signal condition,101,NA,NA
2021-09-22,DPR,damaged tree,76,NA,NA
2021-09-22,DPR,dead/dying tree,30,NA,NA
2021-09-22,DPR,maintenance or facility,70,NA,NA
2021-09-22,DPR,new tree request,50,NA,NA
2021-09-22,DPR,other,32,NA,NA
2021-09-22,DPR,overgrown tree/branches,87,NA,NA
2021-09-22,DPR,root/sewer/sidewalk condition,36,NA,NA
2021-09-22,DPR,violation of park rules,12,NA,NA
2021-09-22,DSNY,derelict vehicles,173,NA,NA
2021-09-22,DSNY,graffiti,31,NA,NA
2021-09-22,DSNY,other,639,NA,NA
2021-09-22,HPD,appliance,32,NA,NA
2021-09-22,HPD,door/window,61,NA,NA
2021-09-22,HPD,electric,37,NA,NA
2021-09-22,HPD,flooring/stairs,27,NA,NA
2021-09-22,HPD,general,53,NA,NA
2021-09-22,HPD,heat/hot water,85,NA,NA
2021-09-22,HPD,other,10,NA,NA
2021-09-22,HPD,paint/plaster,65,NA,NA
2021-09-22,HPD,plumbing,66,NA,NA
2021-09-22,HPD,safety,10,NA,NA
2021-09-22,HPD,unsanitary condition,233,NA,NA
2021-09-22,HPD,water leak,91,NA,NA
2021-09-22,MAYORS OFFICE OF SPECIAL ENFORCEMENT,other,7,NA,NA
2021-09-22,NYPD,abandoned vehicle,184,NA,NA
2021-09-22,NYPD,animal-abuse,24,NA,NA
2021-09-22,NYPD,blocked driveway,456,NA,NA
2021-09-22,NYPD,illegal fireworks,4,NA,NA
2021-09-22,NYPD,illegal parking,1040,NA,NA
2021-09-22,NYPD,noise - commercial,117,NA,NA
2021-09-22,NYPD,noise - park,16,NA,NA
2021-09-22,NYPD,noise - residential,527,NA,NA
2021-09-22,NYPD,noise - street/sidewalk,353,NA,NA
2021-09-22,NYPD,noise - vehicle,242,NA,NA
2021-09-22,NYPD,non-emergency police matter,66,NA,NA
2021-09-22,NYPD,other,212,NA,NA
2021-09-22,NYPD,traffic,28,NA,NA
2021-09-22,TLC,for hire vehicle complaint,5,NA,NA
2021-09-22,TLC,other,17,NA,NA
2021-09-22,TLC,taxi complaint,28,NA,NA
2021-09-23,DCA,consumer complaint,56,NA,NA
2021-09-23,DEP,air quality,36,NA,NA
2021-09-23,DEP,lead,36,NA,NA
2021-09-23,DEP,noise,130,NA,NA
2021-09-23,DEP,other,16,NA,NA
2021-09-23,DEP,sewer,293,NA,NA
2021-09-23,DEP,water conservation,5,NA,NA
2021-09-23,DEP,water system,149,NA,NA
2021-09-23,DHS,homeless person assistance,179,NA,NA
2021-09-23,DHS,other,29,NA,NA
2021-09-23,DOB,building/use,54,NA,NA
2021-09-23,DOB,elevator,45,NA,NA
2021-09-23,DOB,emergency response team (ert),7,NA,NA
2021-09-23,DOB,general construction/plumbing,138,NA,NA
2021-09-23,DOB,other,21,NA,NA
2021-09-23,DOB,plumbing,18,NA,NA
2021-09-23,DOB,special projects inspection team (spit),8,NA,NA
2021-09-23,DOHMH,food establishment,28,NA,NA
2021-09-23,DOHMH,indoor air quality,27,NA,NA
2021-09-23,DOHMH,other,150,NA,NA
2021-09-23,DOHMH,rodent,140,NA,NA
2021-09-23,DOT,broken parking meter,38,NA,NA
2021-09-23,DOT,curb condition,31,NA,NA
2021-09-23,DOT,other,40,NA,NA
2021-09-23,DOT,sidewalk condition,103,NA,NA
2021-09-23,DOT,street condition,205,NA,NA
2021-09-23,DOT,street light condition,141,NA,NA
2021-09-23,DOT,street sign - damaged,14,NA,NA
2021-09-23,DOT,street sign - missing,16,NA,NA
2021-09-23,DOT,traffic signal condition,118,NA,NA
2021-09-23,DPR,damaged tree,209,NA,NA
2021-09-23,DPR,dead/dying tree,56,NA,NA
2021-09-23,DPR,maintenance or facility,46,NA,NA
2021-09-23,DPR,new tree request,87,NA,NA
2021-09-23,DPR,other,30,NA,NA
2021-09-23,DPR,overgrown tree/branches,133,NA,NA
2021-09-23,DPR,root/sewer/sidewalk condition,47,NA,NA
2021-09-23,DPR,violation of park rules,7,NA,NA
2021-09-23,DSNY,derelict vehicles,170,NA,NA
2021-09-23,DSNY,graffiti,55,NA,NA
2021-09-23,DSNY,other,613,NA,NA
2021-09-23,HPD,appliance,30,NA,NA
2021-09-23,HPD,door/window,53,NA,NA
2021-09-23,HPD,electric,35,NA,NA
2021-09-23,HPD,flooring/stairs,27,NA,NA
2021-09-23,HPD,general,47,NA,NA
2021-09-23,HPD,heat/hot water,80,NA,NA
2021-09-23,HPD,other,4,NA,NA
2021-09-23,HPD,paint/plaster,70,NA,NA
2021-09-23,HPD,plumbing,73,NA,NA
2021-09-23,HPD,safety,17,NA,NA
2021-09-23,HPD,unsanitary condition,197,NA,NA
2021-09-23,HPD,water leak,123,NA,NA
2021-09-23,MAYORS OFFICE OF SPECIAL ENFORCEMENT,other,7,NA,NA
2021-09-23,NYPD,abandoned vehicle,172,NA,NA
2021-09-23,NYPD,animal-abuse,21,NA,NA
2021-09-23,NYPD,blocked driveway,515,NA,NA
2021-09-23,NYPD,illegal fireworks,2,NA,NA
2021-09-23,NYPD,illegal parking,1125,NA,NA
2021-09-23,NYPD,noise - commercial,107,NA,NA
2021-09-23,NYPD,noise - park,6,NA,NA
2021-09-23,NYPD,noise - residential,463,NA,NA
2021-09-23,NYPD,noise - street/sidewalk,204,NA,NA
2021-09-23,NYPD,noise - vehicle,178,NA,NA
2021-09-23,NYPD,non-emergency police matter,63,NA,NA
2021-09-23,NYPD,other,165,NA,NA
2021-09-23,NYPD,traffic,24,NA,NA
2021-09-23,TLC,for hire vehicle complaint,33,NA,NA
2021-09-23,TLC,other,13,NA,NA
2021-09-23,TLC,taxi complaint,18,NA,NA
2021-09-24,DCA,consumer complaint,77,NA,NA
2021-09-24,DEP,air quality,51,NA,NA
2021-09-24,DEP,lead,27,NA,NA
2021-09-24,DEP,noise,118,NA,NA
2021-09-24,DEP,other,15,NA,NA
2021-09-24,DEP,sewer,205,NA,NA
2021-09-24,DEP,water conservation,10,NA,NA
2021-09-24,DEP,water system,162,NA,NA
2021-09-24,DHS,homeless person assistance,185,NA,NA
2021-09-24,DHS,other,18,NA,NA
2021-09-24,DOB,building/use,53,NA,NA
2021-09-24,DOB,elevator,53,NA,NA
2021-09-24,DOB,emergency response team (ert),9,NA,NA
2021-09-24,DOB,general construction/plumbing,108,NA,NA
2021-09-24,DOB,other,19,NA,NA
2021-09-24,DOB,plumbing,17,NA,NA
2021-09-24,DOB,special projects inspection team (spit),11,NA,NA
2021-09-24,DOHMH,food establishment,32,NA,NA
2021-09-24,DOHMH,indoor air quality,19,NA,NA
2021-09-24,DOHMH,other,132,NA,NA
2021-09-24,DOHMH,rodent,120,NA,NA
2021-09-24,DOT,broken parking meter,39,NA,NA
2021-09-24,DOT,curb condition,24,NA,NA
2021-09-24,DOT,other,56,NA,NA
2021-09-24,DOT,sidewalk condition,78,NA,NA
2021-09-24,DOT,street condition,240,NA,NA
2021-09-24,DOT,street light condition,107,NA,NA
2021-09-24,DOT,street sign - damaged,9,NA,NA
2021-09-24,DOT,street sign - missing,15,NA,NA
2021-09-24,DOT,traffic signal condition,166,NA,NA
2021-09-24,DPR,damaged tree,143,NA,NA
2021-09-24,DPR,dead/dying tree,38,NA,NA
2021-09-24,DPR,maintenance or facility,62,NA,NA
2021-09-24,DPR,new tree request,39,NA,NA
2021-09-24,DPR,other,33,NA,NA
2021-09-24,DPR,overgrown tree/branches,77,NA,NA
2021-09-24,DPR,root/sewer/sidewalk condition,43,NA,NA
2021-09-24,DPR,violation of park rules,8,NA,NA
2021-09-24,DSNY,derelict vehicles,154,NA,NA
2021-09-24,DSNY,graffiti,68,NA,NA
2021-09-24,DSNY,other,565,NA,NA
2021-09-24,HPD,appliance,32,NA,NA
2021-09-24,HPD,door/window,36,NA,NA
2021-09-24,HPD,electric,31,NA,NA
2021-09-24,HPD,flooring/stairs,18,NA,NA
2021-09-24,HPD,general,51,NA,NA
2021-09-24,HPD,heat/hot water,80,NA,NA
2021-09-24,HPD,other,7,NA,NA
2021-09-24,HPD,paint/plaster,63,NA,NA
2021-09-24,HPD,plumbing,60,NA,NA
2021-09-24,HPD,safety,17,NA,NA
2021-09-24,HPD,unsanitary condition,181,NA,NA
2021-09-24,HPD,water leak,120,NA,NA
2021-09-24,MAYORS OFFICE OF SPECIAL ENFORCEMENT,other,5,NA,NA
2021-09-24,NYPD,abandoned vehicle,124,NA,NA
2021-09-24,NYPD,animal-abuse,21,NA,NA
2021-09-24,NYPD,blocked driveway,482,NA,NA
2021-09-24,NYPD,illegal fireworks,10,NA,NA
2021-09-24,NYPD,illegal parking,1091,NA,NA
2021-09-24,NYPD,noise - commercial,243,NA,NA
2021-09-24,NYPD,noise - park,37,NA,NA
2021-09-24,NYPD,noise - residential,812,NA,NA
2021-09-24,NYPD,noise - street/sidewalk,707,NA,NA
2021-09-24,NYPD,noise - vehicle,283,NA,NA
2021-09-24,NYPD,non-emergency police matter,57,NA,NA
2021-09-24,NYPD,other,203,NA,NA
2021-09-24,NYPD,traffic,35,NA,NA
2021-09-24,TLC,for hire vehicle complaint,14,NA,NA
2021-09-24,TLC,other,17,NA,NA
2021-09-24,TLC,taxi complaint,17,NA,NA
2021-09-25,DCA,consumer complaint,50,NA,NA
2021-09-25,DEP,air quality,9,NA,NA
2021-09-25,DEP,lead,12,NA,NA
2021-09-25,DEP,noise,130,NA,NA
2021-09-25,DEP,other,9,NA,NA
2021-09-25,DEP,sewer,59,NA,NA
2021-09-25,DEP,water conservation,10,NA,NA
2021-09-25,DEP,water system,95,NA,NA
2021-09-25,DHS,homeless person assistance,161,NA,NA
2021-09-25,DHS,other,20,NA,NA
2021-09-25,DOB,building/use,46,NA,NA
2021-09-25,DOB,elevator,33,NA,NA
2021-09-25,DOB,emergency response team (ert),20,NA,NA
2021-09-25,DOB,general construction/plumbing,56,NA,NA
2021-09-25,DOB,other,16,NA,NA
2021-09-25,DOB,plumbing,2,NA,NA
2021-09-25,DOB,special projects inspection team (spit),11,NA,NA
2021-09-25,DOHMH,food establishment,31,NA,NA
2021-09-25,DOHMH,indoor air quality,10,NA,NA
2021-09-25,DOHMH,other,125,NA,NA
2021-09-25,DOHMH,rodent,90,NA,NA
2021-09-25,DOT,broken parking meter,27,NA,NA
2021-09-25,DOT,curb condition,9,NA,NA
2021-09-25,DOT,other,41,NA,NA
2021-09-25,DOT,sidewalk condition,44,NA,NA
2021-09-25,DOT,street condition,117,NA,NA
2021-09-25,DOT,street light condition,46,NA,NA
2021-09-25,DOT,street sign - damaged,14,NA,NA
2021-09-25,DOT,street sign - missing,9,NA,NA
2021-09-25,DOT,traffic signal condition,79,NA,NA
2021-09-25,DPR,damaged tree,43,NA,NA
2021-09-25,DPR,dead/dying tree,17,NA,NA
2021-09-25,DPR,maintenance or facility,48,NA,NA
2021-09-25,DPR,new tree request,19,NA,NA
2021-09-25,DPR,other,27,NA,NA
2021-09-25,DPR,overgrown tree/branches,34,NA,NA
2021-09-25,DPR,root/sewer/sidewalk condition,18,NA,NA
2021-09-25,DPR,violation of park rules,15,NA,NA
2021-09-25,DSNY,derelict vehicles,126,NA,NA
2021-09-25,DSNY,graffiti,1,NA,NA
2021-09-25,DSNY,other,426,NA,NA
2021-09-25,HPD,appliance,19,NA,NA
2021-09-25,HPD,door/window,25,NA,NA
2021-09-25,HPD,electric,22,NA,NA
2021-09-25,HPD,flooring/stairs,9,NA,NA
2021-09-25,HPD,general,23,NA,NA
2021-09-25,HPD,heat/hot water,61,NA,NA
2021-09-25,HPD,other,8,NA,NA
2021-09-25,HPD,paint/plaster,22,NA,NA
2021-09-25,HPD,plumbing,47,NA,NA
2021-09-25,HPD,safety,10,NA,NA
2021-09-25,HPD,unsanitary condition,129,NA,NA
2021-09-25,HPD,water leak,48,NA,NA
2021-09-25,MAYORS OFFICE OF SPECIAL ENFORCEMENT,other,1,NA,NA
2021-09-25,NYPD,abandoned vehicle,98,NA,NA
2021-09-25,NYPD,animal-abuse,14,NA,NA
2021-09-25,NYPD,blocked driveway,469,NA,NA
2021-09-25,NYPD,illegal fireworks,47,NA,NA
2021-09-25,NYPD,illegal parking,1009,NA,NA
2021-09-25,NYPD,noise - commercial,489,NA,NA
2021-09-25,NYPD,noise - park,95,NA,NA
2021-09-25,NYPD,noise - residential,2379,NA,NA
2021-09-25,NYPD,noise - street/sidewalk,1481,NA,NA
2021-09-25,NYPD,noise - vehicle,502,NA,NA
2021-09-25,NYPD,non-emergency police matter,63,NA,NA
2021-09-25,NYPD,other,145,NA,NA
2021-09-25,NYPD,traffic,19,NA,NA
2021-09-25,TLC,for hire vehicle complaint,8,NA,NA
2021-09-25,TLC,other,22,NA,NA
2021-09-25,TLC,taxi complaint,26,NA,NA
2021-09-26,DCA,consumer complaint,37,NA,NA
2021-09-26,DEP,air quality,13,NA,NA
2021-09-26,DEP,lead,15,NA,NA
2021-09-26,DEP,noise,91,NA,NA
2021-09-26,DEP,other,9,NA,NA
2021-09-26,DEP,sewer,41,NA,NA
2021-09-26,DEP,water conservation,2,NA,NA
2021-09-26,DEP,water system,72,NA,NA
2021-09-26,DHS,homeless person assistance,156,NA,NA
2021-09-26,DHS,other,32,NA,NA
2021-09-26,DOB,building/use,45,NA,NA
2021-09-26,DOB,elevator,33,NA,NA
2021-09-26,DOB,emergency response team (ert),10,NA,NA
2021-09-26,DOB,general construction/plumbing,46,NA,NA
2021-09-26,DOB,other,3,NA,NA
2021-09-26,DOB,plumbing,2,NA,NA
2021-09-26,DOB,special projects inspection team (spit),13,NA,NA
2021-09-26,DOHMH,food establishment,24,NA,NA
2021-09-26,DOHMH,indoor air quality,10,NA,NA
2021-09-26,DOHMH,other,102,NA,NA
2021-09-26,DOHMH,rodent,94,NA,NA
2021-09-26,DOT,broken parking meter,2,NA,NA
2021-09-26,DOT,curb condition,8,NA,NA
2021-09-26,DOT,other,36,NA,NA
2021-09-26,DOT,sidewalk condition,30,NA,NA
2021-09-26,DOT,street condition,129,NA,NA
2021-09-26,DOT,street light condition,43,NA,NA
2021-09-26,DOT,street sign - damaged,26,NA,NA
2021-09-26,DOT,street sign - missing,28,NA,NA
2021-09-26,DOT,traffic signal condition,49,NA,NA
2021-09-26,DPR,damaged tree,48,NA,NA
2021-09-26,DPR,dead/dying tree,24,NA,NA
2021-09-26,DPR,maintenance or facility,51,NA,NA
2021-09-26,DPR,new tree request,38,NA,NA
2021-09-26,DPR,other,34,NA,NA
2021-09-26,DPR,overgrown tree/branches,34,NA,NA
2021-09-26,DPR,root/sewer/sidewalk condition,15,NA,NA
2021-09-26,DPR,violation of park rules,14,NA,NA
2021-09-26,DSNY,derelict vehicles,84,NA,NA
2021-09-26,DSNY,graffiti,19,NA,NA
2021-09-26,DSNY,other,433,NA,NA
2021-09-26,HPD,appliance,10,NA,NA
2021-09-26,HPD,door/window,20,NA,NA
2021-09-26,HPD,electric,21,NA,NA
2021-09-26,HPD,flooring/stairs,13,NA,NA
2021-09-26,HPD,general,17,NA,NA
2021-09-26,HPD,heat/hot water,82,NA,NA
2021-09-26,HPD,other,4,NA,NA
2021-09-26,HPD,paint/plaster,18,NA,NA
2021-09-26,HPD,plumbing,36,NA,NA
2021-09-26,HPD,safety,5,NA,NA
2021-09-26,HPD,unsanitary condition,111,NA,NA
2021-09-26,HPD,water leak,49,NA,NA
2021-09-26,MAYORS OFFICE OF SPECIAL ENFORCEMENT,other,3,NA,NA
2021-09-26,NYPD,abandoned vehicle,97,NA,NA
2021-09-26,NYPD,animal-abuse,18,NA,NA
2021-09-26,NYPD,blocked driveway,512,NA,NA
2021-09-26,NYPD,illegal fireworks,15,NA,NA
2021-09-26,NYPD,illegal parking,1130,NA,NA
2021-09-26,NYPD,noise - commercial,461,NA,NA
2021-09-26,NYPD,noise - park,73,NA,NA
2021-09-26,NYPD,noise - residential,2031,NA,NA
2021-09-26,NYPD,noise - street/sidewalk,1487,NA,NA
2021-09-26,NYPD,noise - vehicle,417,NA,NA
2021-09-26,NYPD,non-emergency police matter,38,NA,NA
2021-09-26,NYPD,other,180,NA,NA
2021-09-26,NYPD,traffic,34,NA,NA
2021-09-26,TLC,for hire vehicle complaint,42,NA,NA
2021-09-26,TLC,other,33,NA,NA
2021-09-26,TLC,taxi complaint,15,NA,NA
2021-09-27,DCA,consumer complaint,56,NA,NA
2021-09-27,DEP,air quality,43,NA,NA
2021-09-27,DEP,lead,30,NA,NA
2021-09-27,DEP,noise,167,NA,NA
2021-09-27,DEP,other,22,NA,NA
2021-09-27,DEP,sewer,107,NA,NA
2021-09-27,DEP,water conservation,10,NA,NA
2021-09-27,DEP,water system,139,NA,NA
2021-09-27,DHS,homeless person assistance,191,NA,NA
2021-09-27,DHS,other,37,NA,NA
2021-09-27,DOB,building/use,73,NA,NA
2021-09-27,DOB,elevator,63,NA,NA
2021-09-27,DOB,emergency response team (ert),9,NA,NA
2021-09-27,DOB,general construction/plumbing,141,NA,NA
2021-09-27,DOB,other,15,NA,NA
2021-09-27,DOB,plumbing,14,NA,NA
2021-09-27,DOB,special projects inspection team (spit),13,NA,NA
2021-09-27,DOHMH,food establishment,39,NA,NA
2021-09-27,DOHMH,indoor air quality,20,NA,NA
2021-09-27,DOHMH,other,153,NA,NA
2021-09-27,DOHMH,rodent,162,NA,NA
2021-09-27,DOT,broken parking meter,42,NA,NA
2021-09-27,DOT,curb condition,26,NA,NA
2021-09-27,DOT,other,36,NA,NA
2021-09-27,DOT,sidewalk condition,117,NA,NA
2021-09-27,DOT,street condition,250,NA,NA
2021-09-27,DOT,street light condition,481,NA,NA
2021-09-27,DOT,street sign - damaged,16,NA,NA
2021-09-27,DOT,street sign - missing,23,NA,NA
2021-09-27,DOT,traffic signal condition,106,NA,NA
2021-09-27,DPR,damaged tree,96,NA,NA
2021-09-27,DPR,dead/dying tree,56,NA,NA
2021-09-27,DPR,maintenance or facility,45,NA,NA
2021-09-27,DPR,new tree request,110,NA,NA
2021-09-27,DPR,other,24,NA,NA
2021-09-27,DPR,overgrown tree/branches,69,NA,NA
2021-09-27,DPR,root/sewer/sidewalk condition,37,NA,NA
2021-09-27,DPR,violation of park rules,14,NA,NA
2021-09-27,DSNY,derelict vehicles,181,NA,NA
2021-09-27,DSNY,graffiti,8,NA,NA
2021-09-27,DSNY,other,624,NA,NA
2021-09-27,HPD,appliance,48,NA,NA
2021-09-27,HPD,door/window,52,NA,NA
2021-09-27,HPD,electric,37,NA,NA
2021-09-27,HPD,flooring/stairs,27,NA,NA
2021-09-27,HPD,general,44,NA,NA
2021-09-27,HPD,heat/hot water,97,NA,NA
2021-09-27,HPD,other,13,NA,NA
2021-09-27,HPD,paint/plaster,70,NA,NA
2021-09-27,HPD,plumbing,71,NA,NA
2021-09-27,HPD,safety,14,NA,NA
2021-09-27,HPD,unsanitary condition,243,NA,NA
2021-09-27,HPD,water leak,98,NA,NA
2021-09-27,MAYORS OFFICE OF SPECIAL ENFORCEMENT,other,1,NA,NA
2021-09-27,NYPD,abandoned vehicle,211,NA,NA
2021-09-27,NYPD,animal-abuse,27,NA,NA
2021-09-27,NYPD,blocked driveway,484,NA,NA
2021-09-27,NYPD,illegal fireworks,8,NA,NA
2021-09-27,NYPD,illegal parking,1131,NA,NA
2021-09-27,NYPD,noise - commercial,137,NA,NA
2021-09-27,NYPD,noise - park,19,NA,NA
2021-09-27,NYPD,noise - residential,1606,NA,NA
2021-09-27,NYPD,noise - street/sidewalk,535,NA,NA
2021-09-27,NYPD,noise - vehicle,254,NA,NA
2021-09-27,NYPD,non-emergency police matter,70,NA,NA
2021-09-27,NYPD,other,233,NA,NA
2021-09-27,NYPD,traffic,21,NA,NA
2021-09-27,TLC,for hire vehicle complaint,28,NA,NA
2021-09-27,TLC,other,21,NA,NA
2021-09-27,TLC,taxi complaint,17,NA,NA
2021-09-28,DCA,consumer complaint,83,NA,NA
2021-09-28,DEP,air quality,44,NA,NA
2021-09-28,DEP,lead,40,NA,NA
2021-09-28,DEP,noise,137,NA,NA
2021-09-28,DEP,other,11,NA,NA
2021-09-28,DEP,sewer,107,NA,NA
2021-09-28,DEP,water conservation,7,NA,NA
2021-09-28,DEP,water system,122,NA,NA
2021-09-28,DHS,homeless person assistance,178,NA,NA
2021-09-28,DHS,other,20,NA,NA
2021-09-28,DOB,building/use,81,NA,NA
2021-09-28,DOB,elevator,35,NA,NA
2021-09-28,DOB,emergency response team (ert),5,NA,NA
2021-09-28,DOB,general construction/plumbing,101,NA,NA
2021-09-28,DOB,other,14,NA,NA
2021-09-28,DOB,plumbing,10,NA,NA
2021-09-28,DOB,special projects inspection team (spit),3,NA,NA
2021-09-28,DOHMH,food establishment,40,NA,NA
2021-09-28,DOHMH,indoor air quality,17,NA,NA
2021-09-28,DOHMH,other,140,NA,NA
2021-09-28,DOHMH,rodent,144,NA,NA
2021-09-28,DOT,broken parking meter,30,NA,NA
2021-09-28,DOT,curb condition,13,NA,NA
2021-09-28,DOT,other,46,NA,NA
2021-09-28,DOT,sidewalk condition,89,NA,NA
2021-09-28,DOT,street condition,208,NA,NA
2021-09-28,DOT,street light condition,380,NA,NA
2021-09-28,DOT,street sign - damaged,14,NA,NA
2021-09-28,DOT,street sign - missing,26,NA,NA
2021-09-28,DOT,traffic signal condition,109,NA,NA
2021-09-28,DPR,damaged tree,61,NA,NA
2021-09-28,DPR,dead/dying tree,34,NA,NA
2021-09-28,DPR,maintenance or facility,50,NA,NA
2021-09-28,DPR,new tree request,74,NA,NA
2021-09-28,DPR,other,38,NA,NA
2021-09-28,DPR,overgrown tree/branches,58,NA,NA
2021-09-28,DPR,root/sewer/sidewalk condition,36,NA,NA
2021-09-28,DPR,violation of park rules,12,NA,NA
2021-09-28,DSNY,derelict vehicles,138,NA,NA
2021-09-28,DSNY,graffiti,66,NA,NA
2021-09-28,DSNY,other,541,NA,NA
2021-09-28,HPD,appliance,44,NA,NA
2021-09-28,HPD,door/window,43,NA,NA
2021-09-28,HPD,electric,37,NA,NA
2021-09-28,HPD,flooring/stairs,17,NA,NA
2021-09-28,HPD,general,40,NA,NA
2021-09-28,HPD,heat/hot water,111,NA,NA
2021-09-28,HPD,other,11,NA,NA
2021-09-28,HPD,paint/plaster,57,NA,NA
2021-09-28,HPD,plumbing,70,NA,NA
2021-09-28,HPD,safety,10,NA,NA
2021-09-28,HPD,unsanitary condition,206,NA,NA
2021-09-28,HPD,water leak,90,NA,NA
2021-09-28,MAYORS OFFICE OF SPECIAL ENFORCEMENT,other,1,NA,NA
2021-09-28,NYPD,abandoned vehicle,152,NA,NA
2021-09-28,NYPD,animal-abuse,18,NA,NA
2021-09-28,NYPD,blocked driveway,397,NA,NA
2021-09-28,NYPD,illegal fireworks,12,NA,NA
2021-09-28,NYPD,illegal parking,1182,NA,NA
2021-09-28,NYPD,noise - commercial,120,NA,NA
2021-09-28,NYPD,noise - park,19,NA,NA
2021-09-28,NYPD,noise - residential,662,NA,NA
2021-09-28,NYPD,noise - street/sidewalk,318,NA,NA
2021-09-28,NYPD,noise - vehicle,162,NA,NA
2021-09-28,NYPD,non-emergency police matter,75,NA,NA
2021-09-28,NYPD,other,197,NA,NA
2021-09-28,NYPD,traffic,19,NA,NA
2021-09-28,TLC,for hire vehicle complaint,29,NA,NA
2021-09-28,TLC,other,28,NA,NA
2021-09-28,TLC,taxi complaint,18,NA,NA
2021-09-29,DCA,consumer complaint,47.86293364291276,32.501719833799896,63.22414745202562
2021-09-29,DEP,air quality,37.88603405672181,29.821406700989343,45.95066141245428
2021-09-29,DEP,lead,34.904348993189416,8.641835063646603,61.16686292273223
2021-09-29,DEP,noise,135.76263877690099,95.96923300019242,175.55604455360955
2021-09-29,DEP,other,18.106419728044507,8.580520285508793,27.63231917058022
2021-09-29,DEP,sewer,125.44136670413275,0,256.56420259080903
2021-09-29,DEP,water conservation,7.678794567144042,0,18.360784494453256
2021-09-29,DEP,water system,147.01261718912883,48.10554850866493,246.87268326235036
2021-09-29,DHS,homeless person assistance,97.0293415663201,76.33321173788703,117.72547139475317
2021-09-29,DHS,other,20.209034150996608,12.067492810858255,28.35057549113496
2021-09-29,DOB,building/use,73.04557371142765,53.812478801364676,92.27866862149062
2021-09-29,DOB,elevator,52.606122126251456,39.12740469571983,66.08483955678308
2021-09-29,DOB,emergency response team (ert),8.846330694251797,2.57692813556913,15.115733252934465
2021-09-29,DOB,general construction/plumbing,114.01673161268118,79.7730487178413,148.26041450752106
2021-09-29,DOB,other,21.677258950711828,4.177742918788155,39.1767749826355
2021-09-29,DOB,plumbing,11.959546648051793,1.7193834098664151,22.199709886237173
2021-09-29,DOB,special projects inspection team (spit),10.44051499208749,3.5119704224293358,17.369059561745644
2021-09-29,DOHMH,food establishment,35.10702511286244,23.7616417376345,46.45240848809038
2021-09-29,DOHMH,indoor air quality,18.41407309960802,12.998435077806437,23.829711121409606
2021-09-29,DOHMH,other,95.16226699556273,79.31431908783323,111.01021490329224
2021-09-29,DOHMH,rodent,95.07972857567849,73.46295032051265,116.69650683084433
2021-09-29,DOT,broken parking meter,56.51120200937895,21.60217241141939,91.17347932882952
2021-09-29,DOT,curb condition,20.200472669642878,10.706494637048925,29.69445070223683
2021-09-29,DOT,other,41.92965204035579,29.09365463633467,54.76564944437691
2021-09-29,DOT,sidewalk condition,69.59498140170211,15.555211930101692,123.63475087330254
2021-09-29,DOT,street condition,230,141.27146238898965,318.7285376110103
2021-09-29,DOT,street light condition,188.7674203795805,99.4844116103502,278.0504291488108
2021-09-29,DOT,street sign - damaged,19.018478216414866,9.486064243242835,28.341121671164707
2021-09-29,DOT,street sign - missing,18.41540480763287,10.116659991665827,26.714149623599916
2021-09-29,DOT,traffic signal condition,80.56109075948665,0,167.05938093462976
2021-09-29,DPR,damaged tree,61,0,643.0994305969336
2021-09-29,DPR,dead/dying tree,34.20227739338206,13.483057380924492,54.92149740583963
2021-09-29,DPR,maintenance or facility,37.45604615345131,14.527793282182557,60.384299024720065
2021-09-29,DPR,new tree request,47.1937602819967,13.872471007581973,81.12064214680159
2021-09-29,DPR,other,28.067293010527816,18.796258439888994,37.347366692038534
2021-09-29,DPR,overgrown tree/branches,58.72039893190896,32.11923973906741,85.32155812475051
2021-09-29,DPR,root/sewer/sidewalk condition,36.55366065837847,20.20963105622365,52.89769026053329
2021-09-29,DPR,violation of park rules,9.668946991707827,0,19.816303769954636
2021-09-29,DSNY,derelict vehicles,158.8597622698686,133.1380256287653,184.58149891097193
2021-09-29,DSNY,dirty conditions,182.24949170630026,154.31738311645026,210.18160029615026
2021-09-29,DSNY,graffiti,31.78016226093226,0,85.98326643429156
2021-09-29,DSNY,missed collection (all materials),132.14749694302841,61.747659275361514,202.54733461069532
2021-09-29,DSNY,other,5.950718685831624,0,61.08972511167188
2021-09-29,DSNY,other enforcement,3.3889514638620626,1.0505796138628805,5.727323313861245
2021-09-29,DSNY,sanitation condition,9.601293680345101,2.9532355182407937,16.249351842449407
2021-09-29,HPD,appliance,38.95376950265089,26.139515790528897,51.76802321477289
2021-09-29,HPD,door/window,48.06446549955535,32.39579436694341,63.73313663216728
2021-09-29,HPD,electric,35.80394901055137,14.655955007998134,56.95194301310461
2021-09-29,HPD,flooring/stairs,25.174768675349792,14.885693641277333,35.46384370942225
2021-09-29,HPD,general,46.50659713863356,32.24320313404137,60.769991143225745
2021-09-29,HPD,heat/hot water,90.49666483257849,29.712608306877073,151.2807213582799
2021-09-29,HPD,other,9.516802434625083,3.6070264523390314,15.426578416911134
2021-09-29,HPD,paint/plaster,62.307783874706125,40.485191955887075,84.13037579352518
2021-09-29,HPD,plumbing,72.29399174193452,50.27573692212772,94.31224656174132
2021-09-29,HPD,safety,13.272469010773635,6.941988155384998,19.602949866162273
2021-09-29,HPD,unsanitary condition,211.23720983212385,146.25663757338543,276.2177820908623
2021-09-29,HPD,water leak,92.002887508190355,43.446350970597194,140.1618173869408
2021-09-29,MAYORS OFFICE OF SPECIAL ENFORCEMENT,other,1,0,16.369263752214515
2021-09-29,NYPD,abandoned vehicle,81.9376131208742,56.370313348300776,107.50491289344762
2021-09-29,NYPD,animal-abuse,21.49824417667651,13.985206817346999,29.05751666872378
2021-09-29,NYPD,blocked driveway,228.39888361834844,182.88467516946116,273.9130920672357
2021-09-29,NYPD,illegal fireworks,23.444336206544033,0,236.6907398435898
2021-09-29,NYPD,illegal parking,555.822938247454,474.0143582151837,637.6315182797243
2021-09-29,NYPD,noise - commercial,101.46208219955642,62.42075043783381,140.50341396127902
2021-09-29,NYPD,noise - park,12.41071889849355,0,29.823649807715242
2021-09-29,NYPD,noise - residential,382.5439180903278,56.90380364873613,708.1840325319195
2021-09-29,NYPD,noise - street/sidewalk,200.95659473538478,0,414.0815055103494
2021-09-29,NYPD,noise - vehicle,126.02353130479148,49.51697084438423,202.53009176519873
2021-09-29,NYPD,non-emergency police matter,33.248876537470686,14.289378387544957,52.208374687396415
2021-09-29,NYPD,other,107.41041399043476,92.34658983577896,122.47423814509057
2021-09-29,NYPD,traffic,16.135675097520814,6.767703493349469,25.50364670169216
2021-09-29,TLC,for hire vehicle complaint,21.4382013007076,6.760324969827574,36.11607763158763
2021-09-29,TLC,other,23.577671779858463,16.57480764276531,30.580535916951614
2021-09-29,TLC,taxi complaint,13.979945761709125,4.279174432306542,23.68071709111171
2021-09-30,DCA,consumer complaint,47.70093376069502,31.551640345495954,63.85022717589409
2021-09-30,DEP,air quality,38.18671357359298,29.90807933326582,46.46534781392015
2021-09-30,DEP,lead,35.171551689058376,7.210759546847477,63.132343831269274
2021-09-30,DEP,noise,124.35174309615428,80.98753767805295,167.71594851425562
2021-09-30,DEP,other,22.215309477985574,9.980019057806194,34.45059989816495
2021-09-30,DEP,sewer,132.71961580995944,0,265.29103521315994
2021-09-30,DEP,water conservation,6.086477177652136,0,20.206117907960753
2021-09-30,DEP,water system,140.0127752643809,38.260251345961265,243.84696956338098
2021-09-30,DHS,homeless person assistance,125.40545488554632,102.33085712236613,148.4800526487265
2021-09-30,DHS,other,24.85029096272809,16.40525396142914,33.29532796402704
2021-09-30,DOB,building/use,68.15479126016687,48.129802865010305,88.17977965532344
2021-09-30,DOB,elevator,52.403127467167444,38.19134911554883,66.61490581878606
2021-09-30,DOB,emergency response team (ert),7.42059451921427,1.140310440148462,13.700878598280077
2021-09-30,DOB,general construction/plumbing,124.3147879257711,87.27225648796096,161.35731936358124
2021-09-30,DOB,other,15.907430997719752,2.201557772285712,29.61330422315379
2021-09-30,DOB,plumbing,13.265003890203731,0.953221823925114,25.576785956482347
2021-09-30,DOB,special projects inspection team (spit),9.825497953919388,3.300953258366441,16.350042649472336
2021-09-30,DOHMH,food establishment,35.43589782255028,23.91689169446483,46.95490395063573
2021-09-30,DOHMH,indoor air quality,18.050395082225805,12.609292207077846,23.491497957373763
2021-09-30,DOHMH,other,106.52250560353266,89.78549902703017,123.25951218003516
2021-09-30,DOHMH,rodent,104.98064372770872,82.36538490019238,127.59590255522507
2021-09-30,DOT,broken parking meter,56.64271067086577,22.058546203086767,90.71774547061115
2021-09-30,DOT,curb condition,20.323529975805126,10.652459452115284,29.994600499494968
2021-09-30,DOT,other,40.75846837129176,27.180182511093406,54.33675423149012
2021-09-30,DOT,sidewalk condition,81.06821716802348,24.503452613796,137.63298172225097
2021-09-30,DOT,street condition,205,116.27146238898965,293.7285376110103
2021-09-30,DOT,street light condition,178.33595760740937,93.98681025252544,262.6851049622933
2021-09-30,DOT,street sign - damaged,19.417691507025733,9.844748608092184,28.948167466584334
2021-09-30,DOT,street sign - missing,17.327292817902325,8.945978380619811,25.708607255184837
2021-09-30,DOT,traffic signal condition,90.1207209311389,2.413047083498654,177.82839477877917
2021-09-30,DPR,damaged tree,61,0,884.2129093998398
2021-09-30,DPR,dead/dying tree,37.05494924387834,15.726399102301517,58.38349938545517
2021-09-30,DPR,maintenance or facility,42.18192672495949,17.92491724224128,66.4389362076777
2021-09-30,DPR,new tree request,46.09482811301214,12.592700330856038,79.94513311609388
2021-09-30,DPR,other,26.0794259655317,16.79640759435896,35.219914036705504
2021-09-30,DPR,overgrown tree/branches,69.20606134334487,39.1214717719653,99.29065091472444
2021-09-30,DPR,root/sewer/sidewalk condition,34.90318016372432,17.20392475248709,52.602435574961554
2021-09-30,DPR,violation of park rules,7.971601210594099,0,19.091282114766944
2021-09-30,DSNY,derelict vehicles,154.62351369173126,127.54863859262122,181.6983887908413
2021-09-30,DSNY,dirty conditions,175.27770194267435,145.60712795695773,204.94827592839098
2021-09-30,DSNY,graffiti,34.53831080934486,0,93.58117670777034
2021-09-30,DSNY,missed collection (all materials),141.06629691112596,45.723486268664146,236.40910755358777
2021-09-30,DSNY,other,5.901437371663247,0,83.90645013918723
2021-09-30,DSNY,other enforcement,3.589173694041736,1.111577463588072,6.0667699244954
2021-09-30,DSNY,sanitation condition,9.088978782540027,2.7916585776793053,15.386298987400748
2021-09-30,HPD,appliance,37.08644109714907,23.816756437458316,50.35612575683982
2021-09-30,HPD,door/window,47.74098799723233,31.87918241073463,63.60279358373003
2021-09-30,HPD,electric,35.56025102634043,12.7014465422942,58.41905551038666
2021-09-30,HPD,flooring/stairs,24.086459274632592,14.097558163970909,34.075360385294275
2021-09-30,HPD,general,45.02717909934175,30.99629248262647,59.05806571605703
2021-09-30,HPD,heat/hot water,97.55505275735233,11.53341440132526,183.5766911133794
2021-09-30,HPD,other,9.41371381098934,3.5455486553091182,15.28187896666956
2021-09-30,HPD,paint/plaster,60.40713926509682,38.84894838031004,81.96533014988361
2021-09-30,HPD,plumbing,70.66005297328206,48.415616800859425,92.9044891457047
2021-09-30,HPD,safety,12.929161801839149,6.697996580280217,19.160327023398082
2021-09-30,HPD,unsanitary condition,201.0155530696868,139.09692291230047,262.93418322707316
2021-09-30,HPD,water leak,88.35031763059855,41.59316476165989,135.6106683661048
2021-09-30,MAYORS OFFICE OF SPECIAL ENFORCEMENT,other,1,0,22.735421242070974
2021-09-30,NYPD,abandoned vehicle,97.91948809770325,69.39038505186568,126.44859114354082
2021-09-30,NYPD,animal-abuse,21.22003502378458,13.507491900146427,28.748461545014198
2021-09-30,NYPD,blocked driveway,290.6210606598735,239.13617810603142,342.10594321371553
2021-09-30,NYPD,illegal fireworks,17.6031846834786,0,309.53993817909293
2021-09-30,NYPD,illegal parking,642.9191064297338,550.8289000360337,735.0093128234339
2021-09-30,NYPD,noise - commercial,222.32033218018537,178.3603308032038,266.28033355716695
2021-09-30,NYPD,noise - park,31.95560023503743,13.19425692978659,50.71694354028827
2021-09-30,NYPD,noise - residential,893.7694772865706,521.1510340004002,1266.387920572741
2021-09-30,NYPD,noise - street/sidewalk,599.5823760969267,342.76300714350566,856.4017450503478
2021-09-30,NYPD,noise - vehicle,238.27241816552112,154.04172328097127,322.50311305007097
2021-09-30,NYPD,non-emergency police matter,28.908558543651047,10.123350504985005,47.69376658231709
2021-09-30,NYPD,other,161.72886201879246,145.51165792110672,177.9460661164782
2021-09-30,NYPD,traffic,24.758355941996268,14.999427871459341,34.517284012533196
2021-09-30,TLC,for hire vehicle complaint,21.4382013007076,6.4601848019568475,36.41621779945835
2021-09-30,TLC,other,23.851176443153754,16.385522351758897,31.31683053454861
2021-09-30,TLC,taxi complaint,15.325669989559618,5.285948528725985,25.36539145039325
2021-10-01,DCA,consumer complaint,37.00590693673967,23.858049299971476,50.153764573507864
2021-10-01,DEP,air quality,35.46466564511452,27.04517109495678,43.884160195272266
2021-10-01,DEP,lead,26.937425544635634,4.402619312045687,49.47223177722558
2021-10-01,DEP,noise,128.5222467672972,83.7644161895654,173.28007734502899
2021-10-01,DEP,other,16.78513172827455,7.152802188995107,26.417461267553993
2021-10-01,DEP,sewer,135.3174090673094,0.5351898159031346,269.59640017233625
2021-10-01,DEP,water conservation,7.441894898368067,0,24.31268622239447
2021-10-01,DEP,water system,135.62512817553488,34.9133256779483,235.7711827411942
2021-10-01,DHS,homeless person assistance,136.16345809845146,112.31068609240249,160.0162301045004
2021-10-01,DHS,other,23.623926494488604,15.176583126256034,32.071269862721174
2021-10-01,DOB,building/use,69.21357722172246,48.966926299683976,89.46022814376094
2021-10-01,DOB,elevator,55.857686728255736,41.421806784948686,70.29356667156279
2021-10-01,DOB,emergency response team (ert),8.9000575812272,2.6089108030381754,15.191204359416226
2021-10-01,DOB,general construction/plumbing,120.97322030878173,83.12319455325436,158.8232460643091
2021-10-01,DOB,other,16.475804019898938,1.4060217785259148,31.54558626127196
2021-10-01,DOB,plumbing,11.225637031602481,0.04253647576968156,22.408737587435283
2021-10-01,DOB,special projects inspection team (spit),9.602353360890532,3.2219432193880397,15.982763502393025
2021-10-01,DOHMH,food establishment,34.511128760675724,23.227484007775335,45.79477351357612
2021-10-01,DOHMH,indoor air quality,18.77674815814215,13.300134791245108,24.253361525039196
2021-10-01,DOHMH,other,120.79336357111026,103.55002414375808,138.03670299846243
2021-10-01,DOHMH,rodent,120.74228425660515,97.72249489828855,143.76207361492175
2021-10-01,DOT,broken parking meter,53.28740672869067,19.01655995607329,88.15128211566017
2021-10-01,DOT,curb condition,20.868984062274606,11.144013337514728,30.593954787034484
2021-10-01,DOT,other,46.14706739144795,32.23982673444471,60.05430804845118
2021-10-01,DOT,sidewalk condition,80.35176769095659,22.94113285548857,137.7624025264246
2021-10-01,DOT,street condition,240,151.27146238898965,328.7285376110103
2021-10-01,DOT,street light condition,36.61794781531771,19.29843056767221,53.93746506296321
2021-10-01,DOT,street sign - damaged,17.42753248019594,7.865857256279618,26.773965503796436
2021-10-01,DOT,street sign - missing,17.418904253092073,9.013705686056278,25.82410282012787
2021-10-01,DOT,traffic signal condition,103.77389591488102,15.961257038070741,191.5865347916913
2021-10-01,DPR,damaged tree,61,0,1069.2257888508025
2021-10-01,DPR,dead/dying tree,38.36499719933529,16.874093061226763,59.855901337443825
2021-10-01,DPR,maintenance or facility,48.53364014136258,23.479883881509824,73.58739640121534
2021-10-01,DPR,new tree request,43.983257913040454,10.312150716342979,78.13120326234389
2021-10-01,DPR,other,26.907298024361225,17.591522446435242,36.19231221351858
2021-10-01,DPR,overgrown tree/branches,72.23687142039014,41.45929325113207,103.01444958964822
2021-10-01,DPR,root/sewer/sidewalk condition,33.36605633178404,15.346120674135665,51.38599198943241
2021-10-01,DPR,violation of park rules,10.492743002117473,0,21.86995247110027
2021-10-01,DSNY,derelict vehicles,151.28887091754802,123.44952743312813,179.1282144019679
2021-10-01,DSNY,dirty conditions,181.00130078393326,150.61698598591147,211.38561558195505
2021-10-01,DSNY,graffiti,26.92125924377764,0,73.0548020454531
2021-10-01,DSNY,missed collection (all materials),167.242702919415,52.24545974039435,282.23994609843567
2021-10-01,DSNY,other,5.852156057494871,0,101.42106293467002
2021-10-01,DSNY,other enforcement,4.350063861796738,1.3459292241315768,7.3541984994619
2021-10-01,DSNY,sanitation condition,11.277093145870793,3.458777229251883,19.095409062489704
2021-10-01,HPD,appliance,37.54186889086,24.16657921855817,50.917158563161834
2021-10-01,HPD,door/window,42.335492202365444,28.009155423400315,56.66182898133057
2021-10-01,HPD,electric,38.18798842422921,14.379058490859059,61.99691835759936
2021-10-01,HPD,flooring/stairs,20.60070659203815,11.9351228374578,29.2662903466185
2021-10-01,HPD,general,39.391056798662035,26.925578410442895,51.856535186881175
2021-10-01,HPD,heat/hot water,87.83925863971507,0,182.68078703611883
2021-10-01,HPD,other,8.385723773356837,3.1384581887657035,13.63298935794797
2021-10-01,HPD,paint/plaster,51.982003181004046,33.09069377661589,70.8733125853922
2021-10-01,HPD,plumbing,63.86388376405793,43.12308540031033,84.60468212780553
2021-10-01,HPD,safety,11.747371434398417,6.027677697040592,17.467065171756243
2021-10-01,HPD,unsanitary condition,183.2675368608712,126.74074512085372,239.79432860088866
2021-10-01,HPD,water leak,88.33175896567523,40.99012981919174,135.66980003639551
2021-10-01,MAYORS OFFICE OF SPECIAL ENFORCEMENT,other,1,0,27.62034569376223
2021-10-01,NYPD,abandoned vehicle,106.67805130503025,77.15065535837282,136.2054472516877
2021-10-01,NYPD,animal-abuse,20.98317361382862,13.42929274300491,28.578795161324713
2021-10-01,NYPD,blocked driveway,309.2620708253232,254.7767726799569,363.7473689706894
2021-10-01,NYPD,illegal fireworks,15.766125979860895,0,321.4559421071236
2021-10-01,NYPD,illegal parking,701.7447682004774,603.0531327176622,800.4364036832927
2021-10-01,NYPD,noise - commercial,358.43597861963747,313.42944741724506,403.4425098220299
2021-10-01,NYPD,noise - park,58.62250831110174,39.73028354543551,77.51473307676797
2021-10-01,NYPD,noise - residential,1459.4394881594562,1082.3983054126586,1836.4806709062539
2021-10-01,NYPD,noise - street/sidewalk,913.0717344532486,650.6733085364133,1175.470160370084
2021-10-01,NYPD,noise - vehicle,317.20488564494747,231.7832821274602,402.6264891624347
2021-10-01,NYPD,non-emergency police matter,25.279491924844443,6.977624951091098,43.581358898597784
2021-10-01,NYPD,other,153.50017095890877,137.0040410124797,169.99630090533785
2021-10-01,NYPD,traffic,23.02676418158348,13.252855349796382,32.80067301337058
2021-10-01,TLC,for hire vehicle complaint,21.4382013007076,6.163268994427339,36.71313360698786
2021-10-01,TLC,other,23.554169707927585,15.759883178709487,31.348456237145683
2021-10-01,TLC,taxi complaint,17.09984811592451,6.896220561006402,27.303475670842616
2021-10-02,DCA,consumer complaint,28.5683075853735,17.961633506941702,39.1749816638053
2021-10-02,DEP,air quality,16.60154449329837,8.08755400039882,25.115534986197922
2021-10-02,DEP,lead,18.659048164399966,2.289048361870943,35.029047966928985
2021-10-02,DEP,noise,120.7722281162695,75.42352491995489,166.1209313125841
2021-10-02,DEP,other,11.155803079946969,4.511066813885076,17.80053934600886
2021-10-02,DEP,sewer,111.81082414130577,0,244.23526996293006
2021-10-02,DEP,water conservation,4.11345183772851,0,23.345792970432534
2021-10-02,DEP,water system,104.17584125771288,1.8373279499903425,206.00706310326834
2021-10-02,DHS,homeless person assistance,125.67556736126078,101.43792372664366,149.9132109958779
2021-10-02,DHS,other,19.038371589510643,10.561010265857506,27.51573291316378
2021-10-02,DOB,building/use,40.76573563801912,20.365643001424054,61.16582827461419
2021-10-02,DOB,elevator,37.00808232512699,22.420178572278232,51.59598607797575
2021-10-02,DOB,emergency response team (ert),14.687385305497397,8.38539455211884,20.989376058875955
2021-10-02,DOB,general construction/plumbing,51.656165889272636,13.265967442124492,90.04636433642078
2021-10-02,DOB,other,6.822904807925064,0.22695914808170414,13.418850467768424
2021-10-02,DOB,plumbing,5.193764120013553,0,10.705827999235737
2021-10-02,DOB,special projects inspection team (spit),7.5809562981716745,2.540499424730391,12.621413171612957
2021-10-02,DOHMH,food establishment,29.74651779370911,19.964737306284164,39.528298281134056
2021-10-02,DOHMH,indoor air quality,12.362470921396305,6.86878830927641,17.8561535335162
2021-10-02,DOHMH,other,97.1334519372168,79.68300304057144,114.58390083386217
2021-10-02,DOHMH,rodent,86.69078027312014,63.59048116690397,109.79107937933631
2021-10-02,DOT,broken parking meter,60.24555320441698,25.907198066124344,95.2279413724967
2021-10-02,DOT,curb condition,11.500195048712207,1.730414850431215,21.269975246993198
2021-10-02,DOT,other,35.64383653940116,21.501230549896967,49.78644252890535
2021-10-02,DOT,sidewalk condition,27.309869626561806,0,85.55409161765479
2021-10-02,DOT,street condition,117,28.271462388989647,205.72853761101035
2021-10-02,DOT,street light condition,30.869741143573084,16.269004370974233,45.47047791617193
2021-10-02,DOT,street sign - damaged,12.344762745542926,3.0025672859384,21.751820229921474
2021-10-02,DOT,street sign - missing,10.755635318523328,2.32959983308675,19.181670803959907
2021-10-02,DOT,traffic signal condition,62.662551161906975,0,150.58002974980866
2021-10-02,DPR,damaged tree,61,0,1225.1988611938673
2021-10-02,DPR,dead/dying tree,21.605333696675945,0,43.25737448282319
2021-10-02,DPR,maintenance or facility,48.40688364072161,23.246605736548414,73.5671615448948
2021-10-02,DPR,new tree request,30.850643276782126,0,64.48341714293308
2021-10-02,DPR,other,26.176372877320194,17.004135829329222,35.265490939746584
2021-10-02,DPR,overgrown tree/branches,37.11656529031086,6.010805196820815,68.22232538380091
2021-10-02,DPR,root/sewer/sidewalk condition,15.226630024951849,0,33.37331425446911
2021-10-02,DPR,violation of park rules,19.061717092117526,7.574090527606629,30.549343656628423
2021-10-02,DSNY,derelict vehicles,110.04823626694319,81.74778078605846,138.34869174782793
2021-10-02,DSNY,dirty conditions,144.867392823494,114.21024209579284,175.52454355119514
2021-10-02,DSNY,graffiti,12.477244041649367,0,33.91364500944433
2021-10-02,DSNY,missed collection (all materials),128.55255797466546,0,260.30414368180334
2021-10-02,DSNY,other,5.802874743326495,0,116.19405131164943
2021-10-02,DSNY,other enforcement,2.4350833550969258,0.7526991943795174,4.117467515814334
2021-10-02,DSNY,sanitation condition,6.285129248147814,1.9249398867128757,10.645318609582752
2021-10-02,HPD,appliance,15.034321122538621,1.6141282233000123,28.45451402177723
2021-10-02,HPD,door/window,24.050496513408707,15.766125463391658,32.33486756342575
2021-10-02,HPD,electric,17.506705928674947,0,41.541499949945894
2021-10-02,HPD,flooring/stairs,9.723939098615388,5.576552382864708,13.871325814366067
2021-10-02,HPD,general,23.726837626101624,16.10494699979315,31.348728252410098
2021-10-02,HPD,heat/hot water,91.31463741708293,0,207.82160324377486
2021-10-02,HPD,other,5.59208841480207,2.0796590224872515,9.104517807116888
2021-10-02,HPD,paint/plaster,26.72080180364866,16.83783984019571,36.60376376710161
2021-10-02,HPD,plumbing,41.40673209869195,27.557808202463587,55.2556559949203
2021-10-02,HPD,safety,7.3804301938411525,3.7507428013672826,11.010117586315022
2021-10-02,HPD,unsanitary condition,113.08284163905545,78.1574586768495,148.0082246012614
2021-10-02,HPD,water leak,62.8813850905032,15.856126345825095,111.3597133303352
2021-10-02,MAYORS OFFICE OF SPECIAL ENFORCEMENT,other,1,0,31.73852750442903
2021-10-02,NYPD,abandoned vehicle,88.7245756511776,58.469578198866316,118.97957310348889
2021-10-02,NYPD,animal-abuse,18.480232428694,10.882322676937255,26.189553475930897
2021-10-02,NYPD,blocked driveway,321.36296697090194,264.5715618094077,378.1543721323962
2021-10-02,NYPD,illegal fireworks,42.99790092977825,0,354.661619230898
2021-10-02,NYPD,illegal parking,710.596198305293,607.4471091186012,813.7452874919848
2021-10-02,NYPD,noise - commercial,347.31330876901063,301.825855369401,392.8007621686203
2021-10-02,NYPD,noise - park,80.30545500287926,61.3947564673716,99.21615353838692
2021-10-02,NYPD,noise - residential,2029.3747568784224,1650.9732619504146,2407.77625180643
2021-10-02,NYPD,noise - street/sidewalk,1377.9637546735435,1113.4233286097947,1642.5041807372922
2021-10-02,NYPD,noise - vehicle,451.01245319970513,365.17342079368694,536.8514856057234
2021-10-02,NYPD,non-emergency police matter,30.850167419745745,6.3429104581972915,55.357424381294194
2021-10-02,NYPD,other,156.074976682816,139.45363440512483,172.69631896050714
2021-10-02,NYPD,traffic,21.16793859261896,11.38845206372529,30.94742512151263
2021-10-02,TLC,for hire vehicle complaint,21.4382013007076,5.869369012278401,37.007033589136796
2021-10-02,TLC,other,23.56904162250731,15.466970875600582,31.67111236941404
2021-10-02,TLC,taxi complaint,14.246823899081868,3.875622778587122,24.618025019576613
2021-10-03,DCA,consumer complaint,48.19596603516136,29.56352735467943,66.8284047156433
2021-10-03,DEP,air quality,17.649519764369337,9.070973268166487,26.228066260572188
2021-10-03,DEP,lead,18.381048262062105,1.518122607512911,35.243973916611296
2021-10-03,DEP,noise,110.84507553042859,65.43893073293012,156.25122032792706
2021-10-03,DEP,other,9.30444618792851,3.5706332044516964,15.038259171405326
2021-10-03,DEP,sewer,100.14608074032543,0,231.88708011661265
2021-10-03,DEP,water conservation,3.6146493043772847,0,24.948713403618985
2021-10-03,DEP,water system,100.30957165300391,0,202.99283746605676
2021-10-03,DHS,homeless person assistance,134.56308873443143,110.06323001838503,159.06294745047782
2021-10-03,DHS,other,19.539216159216362,11.041834209145335,28.03659810928739
2021-10-03,DOB,building/use,42.14328654502316,21.60198182077188,62.684591269274435
2021-10-03,DOB,elevator,36.65309093893596,21.927996555358334,51.37818532251359
2021-10-03,DOB,emergency response team (ert),12.372546387525379,6.059730286400659,18.6853624886501
2021-10-03,DOB,general construction/plumbing,47.642819983259265,9.056726555845351,86.22891341067319
2021-10-03,DOB,other,5.459463215095645,0,11.01746039282655
2021-10-03,DOB,plumbing,5.338067726853503,0,11.337946445926825
2021-10-03,DOB,special projects inspection team (spit),8.14116454051475,2.7248089877261252,13.557520093303374
2021-10-03,DOHMH,food establishment,28.372186643855326,18.989232592961432,37.755140694749215
2021-10-03,DOHMH,indoor air quality,12.487764532311822,6.977120446791461,17.998408617832183
2021-10-03,DOHMH,other,107.56358525103718,89.90845628571992,125.21871421635444
2021-10-03,DOHMH,rodent,98.93363479129594,75.75310555894153,122.11416402365036
2021-10-03,DOT,broken parking meter,31.140213057040512,0,65.83443680569113
2021-10-03,DOT,curb condition,11.835823256578689,2.0223298792377253,21.649316633919653
2021-10-03,DOT,other,34.36572171221857,20.100657360794834,48.63078606364231
2021-10-03,DOT,sidewalk condition,30.844046036824587,0,89.91009210801498
2021-10-03,DOT,street condition,129,40.27146238898965,217.72853761101035
2021-10-03,DOT,street light condition,213.2304527452994,112.37694329585175,314.0839621947471
2021-10-03,DOT,street sign - damaged,12.932861942583932,3.435042660339751,22.223378698435816
2021-10-03,DOT,street sign - missing,12.267611224310993,3.8210075662425567,20.71421488237943
2021-10-03,DOT,traffic signal condition,55.33105062103262,0,143.35324404973107
2021-10-03,DPR,damaged tree,61,0,1362.6138964786646
2021-10-03,DPR,dead/dying tree,20.681916930636383,0,42.493903995931404
2021-10-03,DPR,maintenance or facility,52.61721059271728,27.18375909402135,78.0506620914132
2021-10-03,DPR,new tree request,37.23621070475558,3.7543073979810533,70.0966722498846
2021-10-03,DPR,other,24.242364886571966,14.83184298916964,33.567596606794076
2021-10-03,DPR,overgrown tree/branches,34.31492389822449,2.955103723772009,65.67474407267697
2021-10-03,DPR,root/sewer/sidewalk condition,14.724451357353948,0,32.947037100354635
2021-10-03,DPR,violation of park rules,17.269471953661036,5.711168731880891,28.827775175441182
2021-10-03,DSNY,derelict vehicles,101.6112848845506,73.01440138939228,130.20816837970892
2021-10-03,DSNY,dirty conditions,159.76130056838838,128.93382895106055,190.5887721857162
2021-10-03,DSNY,graffiti,13.937623898209411,0,37.94751101271258
2021-10-03,DSNY,missed collection (all materials),122.86783484734117,0,269.47136391098877
2021-10-03,DSNY,other,5.753593429158119,0,129.2168257057472
2021-10-03,DSNY,other enforcement,2.2590745125961242,0.6976199611450624,3.820529064047186
2021-10-03,DSNY,sanitation condition,7.033650417401932,2.151099976937031,11.916200857866833
2021-10-03,HPD,appliance,12.331951586576078,0,25.784584571919147
2021-10-03,HPD,door/window,20.446544156556605,13.28158804615867,27.61150026695454
2021-10-03,HPD,electric,16.252903155049108,0,40.4136752537678
2021-10-03,HPD,flooring/stairs,9.283080308653721,5.269845532995683,13.29631508431176
2021-10-03,HPD,general,20.730552747403372,13.973355685394061,27.487749809412684
2021-10-03,HPD,heat/hot water,94.84779995106936,0,234.82823932570787
2021-10-03,HPD,other,6.838086478495958,2.526875242123988,11.149297714867927
2021-10-03,HPD,paint/plaster,23.66385682905723,14.761354212308444,32.566359445806015
2021-10-03,HPD,plumbing,32.93734887974489,21.609653350251676,44.2650444092381
2021-10-03,HPD,safety,6.236788074262235,3.139160768833874,9.334415379690597
2021-10-03,HPD,unsanitary condition,104.74014960293742,72.34858812902002,137.13171107685483
2021-10-03,HPD,water leak,55.57535546507116,8.783503828351787,101.71343357284897
2021-10-03,MAYORS OFFICE OF SPECIAL ENFORCEMENT,other,1,0,35.366718514075146
2021-10-03,NYPD,abandoned vehicle,114.411387818863,83.81193471979314,145.01084091793288
2021-10-03,NYPD,animal-abuse,17.27338385084141,9.655898487584476,24.925453899527483
2021-10-03,NYPD,blocked driveway,323.5766208995606,264.7099678653197,382.44327393380155
2021-10-03,NYPD,illegal fireworks,38.52478923273949,0,358.962223841131
2021-10-03,NYPD,illegal parking,759.0013167550007,652.7339868599319,865.2686466500696
2021-10-03,NYPD,noise - commercial,163.65261223930236,117.82187579019006,209.48334868841465
2021-10-03,NYPD,noise - park,49.01197975214994,30.082825476132996,67.94113402816689
2021-10-03,NYPD,noise - residential,1703.238524268367,1324.5350344727372,2081.942014063997
2021-10-03,NYPD,noise - street/sidewalk,981.3696006790487,713.1014300364724,1249.6377713216252
2021-10-03,NYPD,noise - vehicle,327.5083324052469,241.25389123666653,413.7627735738273
2021-10-03,NYPD,non-emergency police matter,34.77610913743624,4.794768748799271,64.7574495260732
2021-10-03,NYPD,other,171.17406728453787,154.46480568770914,187.8833288813666
2021-10-03,NYPD,traffic,16.91878270237005,7.127200960899508,26.71036444384059
2021-10-03,TLC,for hire vehicle complaint,21.4382013007076,5.578293363813632,37.298109237601565
2021-10-03,TLC,other,24.169119775919906,15.77110696327251,32.567132588567304
2021-10-03,TLC,taxi complaint,14.19224060268666,3.7371291080207136,24.647352097352606
2021-10-04,DCA,consumer complaint,50.200711925907065,30.053302060419064,70.34812179139507
2021-10-04,DEP,air quality,33.37521325803281,24.751735103756523,41.99869141230909
2021-10-04,DEP,lead,31.10064101280762,1.3393069281356276,60.861975097479615
2021-10-04,DEP,noise,130.11495579180186,84.65144196856818,175.57846961503554
2021-10-04,DEP,other,18.55826017177711,6.7580622085814746,30.358458134972746
2021-10-04,DEP,sewer,203.42226233822907,72.41950542255623,338.76871280829425
2021-10-04,DEP,water conservation,6.250906363069905,0,29.497446676338203
2021-10-04,DEP,water system,135.21915505543166,35.188563534020545,235.4680987178667
2021-10-04,DHS,homeless person assistance,145.72215256888643,121.0049007466043,170.43940439116855
2021-10-04,DHS,other,23.710474586791385,15.1908188364791,32.230130337103674
2021-10-04,DOB,building/use,67.52598249358692,46.84646951919022,88.20549546798362
2021-10-04,DOB,elevator,55.03962916841834,40.18141847045216,69.89783986638452
2021-10-04,DOB,emergency response team (ert),5.474704049784314,0,11.798326966876239
2021-10-04,DOB,general construction/plumbing,121.47555010802458,82.69455121466424,160.2565490013849
2021-10-04,DOB,other,16.905371787029267,0,34.97350333204081
2021-10-04,DOB,plumbing,12.14415342876813,0,26.532113723974444
2021-10-04,DOB,special projects inspection team (spit),10.435588547549843,3.488352898973055,17.38282419612663
2021-10-04,DOHMH,food establishment,34.9921164703545,23.354714497208022,46.629518443500984
2021-10-04,DOHMH,indoor air quality,18.912634551559783,13.385660823739757,24.43960827937981
2021-10-04,DOHMH,other,121.89525142038804,104.03778825034236,139.7527145904337
2021-10-04,DOHMH,rodent,122.47835523019289,99.21787260004476,145.73883786034102
2021-10-04,DOT,broken parking meter,51.38880464522326,17.48696832739286,85.7217673769091
2021-10-04,DOT,curb condition,20.50127027166043,10.644352157577249,30.358188385743613
2021-10-04,DOT,other,43.654342902357754,29.267862522286997,58.04082328242851
2021-10-04,DOT,sidewalk condition,77.26598231714817,17.38939088426639,137.14257375002995
2021-10-04,DOT,street condition,250,161.27146238898965,338.7285376110103
2021-10-04,DOT,street light condition,214.0749734159118,112.82202291567735,315.3279239161463
2021-10-04,DOT,street sign - damaged,18.240640480117012,8.767139934355166,27.766898551355347
2021-10-04,DOT,street sign - missing,17.326640845699878,8.859535375985244,25.79374631541451
2021-10-04,DOT,traffic signal condition,142.32301192395937,54.196228079635034,230.4497957682837
2021-10-04,DPR,damaged tree,61,0,1486.8465845271176
2021-10-04,DPR,dead/dying tree,42.04634331860066,20.075574345526228,64.01711229167509
2021-10-04,DPR,maintenance or facility,44.91998569882342,19.424422369869042,70.41554902777779
2021-10-04,DPR,new tree request,52.72979415002886,19.801785297153412,85.76609173850876
2021-10-04,DPR,other,26.71547296823414,17.640245268283124,35.836699510590464
2021-10-04,DPR,overgrown tree/branches,76.39843581097232,44.80363235600569,107.99323926593894
2021-10-04,DPR,root/sewer/sidewalk condition,36.77357104233138,18.49318033286414,55.053961751798624
2021-10-04,DPR,violation of park rules,7.368694711592923,0,18.98473643705069
2021-10-04,DSNY,derelict vehicles,150.07913197911805,121.279061771903,178.8792021863331
2021-10-04,DSNY,dirty conditions,197.92238136637292,166.96609434583127,228.87866838691457
2021-10-04,DSNY,graffiti,23.797103740315336,0,64.90731520197755
2021-10-04,DSNY,missed collection (all materials),75.6120568483486,0,235.69550112503276
2021-10-04,DSNY,other,5.704312114989743,0,140.99765837352237
2021-10-04,DSNY,other enforcement,3.956412157292984,1.2205913521654663,6.692232962420501
2021-10-04,DSNY,sanitation condition,10.228492423567593,3.123687803357859,17.33329704377733
2021-10-04,HPD,appliance,40.96152392495519,27.47974302518371,54.44330482472667
2021-10-04,HPD,door/window,51.45416690187887,33.120838519945906,69.78749528381184
2021-10-04,HPD,electric,40.487988379996466,16.22146118846241,64.75451557153052
2021-10-04,HPD,flooring/stairs,27.707069636622027,15.569713211305029,39.844426061939025
2021-10-04,HPD,general,49.377463067137626,33.05264053116201,65.70228560311324
2021-10-04,HPD,heat/hot water,108.0988923480477,0,290.06481634561305
2021-10-04,HPD,other,9.82703200469499,3.6082058190103545,16.045858190379626
2021-10-04,HPD,paint/plaster,67.55851441685512,41.71978539800695,93.39724343570329
2021-10-04,HPD,plumbing,73.36273690714559,47.454519140849285,99.27095467344189
2021-10-04,HPD,safety,13.817530036591407,6.887947145267355,20.74711292791546
2021-10-04,HPD,unsanitary condition,229.69674465446104,158.5678051124695,300.8256841964526
2021-10-04,HPD,water leak,133.39263574078615,86.67081857104198,179.6669686408848
2021-10-04,MAYORS OFFICE OF SPECIAL ENFORCEMENT,other,1,0,38.64685391517876
2021-10-04,NYPD,abandoned vehicle,124.20513887282284,93.26506471187439,155.1452130337713
2021-10-04,NYPD,animal-abuse,20.155574935375327,12.650669366211448,27.73710507048688
2021-10-04,NYPD,blocked driveway,314.0382576180801,253.20584835329643,374.87066688286376
2021-10-04,NYPD,illegal fireworks,0,0,317.6157099264366
2021-10-04,NYPD,illegal parking,815.0351250210796,706.5216613689413,923.5485886732179
2021-10-04,NYPD,noise - commercial,104.3963945380614,58.27519622411502,150.5175928520078
2021-10-04,NYPD,noise - park,19.858401602950995,0.9108095630729487,38.80599364282904
2021-10-04,NYPD,noise - residential,686.7170831726693,307.8564519830092,1065.5777143623293
2021-10-04,NYPD,noise - street/sidewalk,246.71519391011805,0,516.469207888752
2021-10-04,NYPD,noise - vehicle,167.64348921875435,80.97563036550505,254.31134807200365
2021-10-04,NYPD,non-emergency police matter,36.36269434097919,2.621932686080463,70.10345599587791
2021-10-04,NYPD,other,169.08027332578467,152.29411804783265,185.8664286037367
2021-10-04,NYPD,traffic,21.30112648650287,11.502533723999633,31.099719249006107
2021-10-04,TLC,for hire vehicle complaint,21.4382013007076,5.289865700428283,37.586536900986914
2021-10-04,TLC,other,24.660861073414562,15.977029379635264,33.34469276719386
2021-10-04,TLC,taxi complaint,18.300557301180937,7.780759489816049,28.820355112545826
2021-10-05,DCA,consumer complaint,46.89031705916115,27.40476545562182,66.37586866270047
2021-10-05,DEP,air quality,32.5320340695328,23.87665827466629,41.18740986439931
2021-10-05,DEP,lead,31.45042985256818,0.1256396039936476,62.775220101142715
2021-10-05,DEP,noise,128.11744116553643,82.59663061761977,173.6382517134531
2021-10-05,DEP,other,19.78234810126808,6.8337262081633945,32.73096999437277
2021-10-05,DEP,sewer,202.35761225136545,69.75792111778554,336.6615357305641
2021-10-05,DEP,water conservation,4.32246315562561,0,29.335679303939337
2021-10-05,DEP,water system,126.42141635272326,25.740829078562765,226.35609140716306
2021-10-05,DHS,homeless person assistance,132.08145177244083,107.16504042454599,156.99786312033567
2021-10-05,DHS,other,22.446346175820793,13.905064289065159,30.987628062576427
2021-10-05,DOB,building/use,66.69854418463427,45.882122830453646,87.51496553881489
2021-10-05,DOB,elevator,49.54602527060957,34.55648800870446,64.53556253251467
2021-10-05,DOB,emergency response team (ert),4.0341340996925625,0,10.368545395821105
2021-10-05,DOB,general construction/plumbing,104.92190914873903,65.9469794586868,143.89683883879127
2021-10-05,DOB,other,18.396610862574903,0,38.98393291032936
2021-10-05,DOB,plumbing,11.675987994997227,0,26.201016712027183
2021-10-05,DOB,special projects inspection team (spit),11.684414765193948,3.9008915632513137,19.46793796713658
2021-10-05,DOHMH,food establishment,35.8123525049849,23.8357863421892,47.78891866778061
2021-10-05,DOHMH,indoor air quality,18.616556274320743,13.073316710607228,24.159795838034256
2021-10-05,DOHMH,other,106.14582042394626,88.08829005689188,124.20335079100064
2021-10-05,DOHMH,rodent,89.2817526776379,65.94159053418207,112.62191482109372
2021-10-05,DOT,broken parking meter,50.477661329426454,16.33884495856015,84.82848887434483
2021-10-05,DOT,curb condition,19.28904853287741,9.388906236716942,29.189190829037877
2021-10-05,DOT,other,41.77765299126921,27.270772744225688,56.284533238312726
2021-10-05,DOT,sidewalk condition,70.46965071282449,9.793340634207176,131.1459607914418
2021-10-05,DOT,street condition,208,119.27146238898965,296.7285376110103
2021-10-05,DOT,street light condition,179.0455401707368,94.3607728206645,263.7303075208091
2021-10-05,DOT,street sign - damaged,18.30558430987523,8.750639640373828,27.70848852888058
2021-10-05,DOT,street sign - missing,17.188234346972955,8.700677828195705,25.675790865750205
2021-10-05,DOT,traffic signal condition,139.23739863489732,51.006148357632625,227.468648912162
2021-10-05,DPR,damaged tree,61,0,1601.0903316717888
2021-10-05,DPR,dead/dying tree,38.069354957945905,15.94094338368635,60.19776653220546
2021-10-05,DPR,maintenance or facility,35.79376593253434,10.101969473126044,61.485562391942636
2021-10-05,DPR,new tree request,48.831100064147755,15.969197023151516,82.00376336636671
2021-10-05,DPR,other,25.90175991512672,16.66034289477244,34.998293012431084
2021-10-05,DPR,overgrown tree/branches,75.32378834988168,43.50008692227132,107.14748977749204
2021-10-05,DPR,root/sewer/sidewalk condition,34.16220460640532,15.832709371381505,52.49169984142913
2021-10-05,DPR,violation of park rules,3.7724203998789703,0,15.441477445338808
2021-10-05,DSNY,derelict vehicles,135.63860910525156,106.69016455730707,164.58705365319605
2021-10-05,DSNY,dirty conditions,170.82436391628357,139.75458391000146,201.8941439225657
2021-10-05,DSNY,graffiti,38.003608456560364,0,103.84974217507022
2021-10-05,DSNY,missed collection (all materials),134.8190211010099,0,307.34295004998626
2021-10-05,DSNY,other,5.6550308008213666,0,151.83837909016418
2021-10-05,DSNY,other enforcement,3.8276601925898235,1.1797289809603866,6.47559140421926
2021-10-05,DSNY,sanitation condition,9.75957749970898,2.976202706459132,16.54295229295883
2021-10-05,HPD,appliance,40.44951777893404,26.939547885165723,53.95948767270235
2021-10-05,HPD,door/window,49.927098060011275,31.848379947083128,68.00581617293942
2021-10-05,HPD,electric,39.188609136329916,14.821293824626185,63.55592444803365
2021-10-05,HPD,flooring/stairs,28.40605237575272,15.801044257082857,41.01106049442258
2021-10-05,HPD,general,49.50348697753934,32.90915900126363,66.09781495381505
2021-10-05,HPD,heat/hot water,95.29625885915218,0,276.4800549222624
2021-10-05,HPD,other,9.279185038299754,3.3852201651261877,15.17314991147332
2021-10-05,HPD,paint/plaster,66.78243146579439,40.828265780864804,92.73659715072398
2021-10-05,HPD,plumbing,76.56277559768955,48.832874098746416,104.29267709663269
2021-10-05,HPD,safety,13.129850419795654,6.482089536737978,19.77761130285333
2021-10-05,HPD,unsanitary condition,225.96571969270462,155.90002569902262,296.0314136863866
2021-10-05,HPD,water leak,128.42975288039014,82.12843896660397,175.57441983616292
2021-10-05,MAYORS OFFICE OF SPECIAL ENFORCEMENT,other,1,0,41.66324972251904
2021-10-05,NYPD,abandoned vehicle,71.80368840033279,40.52670248084553,103.08067431982005
2021-10-05,NYPD,animal-abuse,19.741406641024962,11.916685880868016,27.36139491758983
2021-10-05,NYPD,blocked driveway,310.951709165379,248.2259721356685,373.6774461950895
2021-10-05,NYPD,illegal fireworks,0,0,329.40849262837423
2021-10-05,NYPD,illegal parking,638.7588978103516,528.5838499199183,748.933945700785
2021-10-05,NYPD,noise - commercial,65.95352469259245,19.572926402340272,112.33412298284463
2021-10-05,NYPD,noise - park,9.794117295676264,0,28.76012917519509
2021-10-05,NYPD,noise - residential,467.55408992899004,88.5970931272974,846.5110867306827
2021-10-05,NYPD,noise - street/sidewalk,72.76791912021457,0,345.035636439182
2021-10-05,NYPD,noise - vehicle,152.29336203194066,65.21404821339138,239.37267585048994
2021-10-05,NYPD,non-emergency police matter,32.98360598975916,0.2561348909129251,65.7110770886054
2021-10-05,NYPD,other,149.45632682647226,132.5969484349916,166.31570521795294
2021-10-05,NYPD,traffic,18.019842207842412,8.210616817438195,27.82906759824663
2021-10-05,TLC,for hire vehicle complaint,21.4382013007076,5.003923179222664,37.87247942219254
2021-10-05,TLC,other,25.16068660934225,16.20015163570742,34.12122158297708
2021-10-05,TLC,taxi complaint,17.089154781887384,6.5120287249151065,27.666280838859663
